id,files_2024,total_files_2024,proportion_2024,retained_2024,files_2026,total_files_2026,proportion_2026,retained_2026,present_2024,present_2026,classification
6042,22,29,0.7586206896551724,FALSE,NA,NA,NA,FALSE,TRUE,FALSE,Excluded from both; 2024 only
6120,22,29,0.7586206896551724,FALSE,NA,NA,NA,FALSE,TRUE,FALSE,Excluded from both; 2024 only
6295,22,29,0.7586206896551724,FALSE,NA,NA,NA,FALSE,TRUE,FALSE,Excluded from both; 2024 only
6430,14,29,0.4827586206896552,FALSE,NA,NA,NA,FALSE,TRUE,FALSE,Excluded from both; 2024 only
6508,17,29,0.5862068965517241,FALSE,NA,NA,NA,FALSE,TRUE,FALSE,Excluded from both; 2024 only
6886,20,29,0.6896551724137931,FALSE,NA,NA,NA,FALSE,TRUE,FALSE,Excluded from both; 2024 only
6939,20,29,0.6896551724137931,FALSE,NA,NA,NA,FALSE,TRUE,FALSE,Excluded from both; 2024 only
7089,17,29,0.5862068965517241,FALSE,NA,NA,NA,FALSE,TRUE,FALSE,Excluded from both; 2024 only
7194,2,29,0.06896551724137931,FALSE,NA,NA,NA,FALSE,TRUE,FALSE,Excluded from both; 2024 only
7260,23,29,0.7931034482758621,FALSE,NA,NA,NA,FALSE,TRUE,FALSE,Excluded from both; 2024 only
7266,19,29,0.6551724137931034,FALSE,NA,NA,NA,FALSE,TRUE,FALSE,Excluded from both; 2024 only
7291,23,29,0.7931034482758621,FALSE,NA,NA,NA,FALSE,TRUE,FALSE,Excluded from both; 2024 only
6657,NA,NA,NA,FALSE,60,80,0.75,FALSE,FALSE,TRUE,Excluded from both; 2026 only
6738,NA,NA,NA,FALSE,48,80,0.6,FALSE,FALSE,TRUE,Excluded from both; 2026 only
6945,NA,NA,NA,FALSE,51,80,0.6375,FALSE,FALSE,TRUE,Excluded from both; 2026 only
7332,NA,NA,NA,FALSE,55,80,0.6875,FALSE,FALSE,TRUE,Excluded from both; 2026 only
7362,NA,NA,NA,FALSE,14,80,0.175,FALSE,FALSE,TRUE,Excluded from both; 2026 only
7377,NA,NA,NA,FALSE,33,80,0.4125,FALSE,FALSE,TRUE,Excluded from both; 2026 only
7411,NA,NA,NA,FALSE,4,80,0.05,FALSE,FALSE,TRUE,Excluded from both; 2026 only
7444,NA,NA,NA,FALSE,31,80,0.3875,FALSE,FALSE,TRUE,Excluded from both; 2026 only
7490,NA,NA,NA,FALSE,50,80,0.625,FALSE,FALSE,TRUE,Excluded from both; 2026 only
7525,NA,NA,NA,FALSE,38,80,0.475,FALSE,FALSE,TRUE,Excluded from both; 2026 only
7530,NA,NA,NA,FALSE,58,80,0.725,FALSE,FALSE,TRUE,Excluded from both; 2026 only
7531,NA,NA,NA,FALSE,52,80,0.65,FALSE,FALSE,TRUE,Excluded from both; 2026 only
7532,NA,NA,NA,FALSE,52,80,0.65,FALSE,FALSE,TRUE,Excluded from both; 2026 only
7536,NA,NA,NA,FALSE,21,80,0.2625,FALSE,FALSE,TRUE,Excluded from both; 2026 only
7550,NA,NA,NA,FALSE,61,80,0.7625,FALSE,FALSE,TRUE,Excluded from both; 2026 only
7563,NA,NA,NA,FALSE,43,80,0.5375,FALSE,FALSE,TRUE,Excluded from both; 2026 only
7606,NA,NA,NA,FALSE,49,80,0.6125,FALSE,FALSE,TRUE,Excluded from both; 2026 only
7613,NA,NA,NA,FALSE,42,80,0.525,FALSE,FALSE,TRUE,Excluded from both; 2026 only
7615,NA,NA,NA,FALSE,63,80,0.7875,FALSE,FALSE,TRUE,Excluded from both; 2026 only
7632,NA,NA,NA,FALSE,7,80,0.0875,FALSE,FALSE,TRUE,Excluded from both; 2026 only
7634,NA,NA,NA,FALSE,63,80,0.7875,FALSE,FALSE,TRUE,Excluded from both; 2026 only
7653,NA,NA,NA,FALSE,59,80,0.7375,FALSE,FALSE,TRUE,Excluded from both; 2026 only
7670,NA,NA,NA,FALSE,46,80,0.575,FALSE,FALSE,TRUE,Excluded from both; 2026 only
7686,NA,NA,NA,FALSE,21,80,0.2625,FALSE,FALSE,TRUE,Excluded from both; 2026 only
7703,NA,NA,NA,FALSE,62,80,0.775,FALSE,FALSE,TRUE,Excluded from both; 2026 only
7704,NA,NA,NA,FALSE,62,80,0.775,FALSE,FALSE,TRUE,Excluded from both; 2026 only
7705,NA,NA,NA,FALSE,61,80,0.7625,FALSE,FALSE,TRUE,Excluded from both; 2026 only
7706,NA,NA,NA,FALSE,57,80,0.7125,FALSE,FALSE,TRUE,Excluded from both; 2026 only
7707,NA,NA,NA,FALSE,57,80,0.7125,FALSE,FALSE,TRUE,Excluded from both; 2026 only
7708,NA,NA,NA,FALSE,56,80,0.7,FALSE,FALSE,TRUE,Excluded from both; 2026 only
7709,NA,NA,NA,FALSE,31,80,0.3875,FALSE,FALSE,TRUE,Excluded from both; 2026 only
7710,NA,NA,NA,FALSE,51,80,0.6375,FALSE,FALSE,TRUE,Excluded from both; 2026 only
7711,NA,NA,NA,FALSE,51,80,0.6375,FALSE,FALSE,TRUE,Excluded from both; 2026 only
7712,NA,NA,NA,FALSE,49,80,0.6125,FALSE,FALSE,TRUE,Excluded from both; 2026 only
7713,NA,NA,NA,FALSE,49,80,0.6125,FALSE,FALSE,TRUE,Excluded from both; 2026 only
7714,NA,NA,NA,FALSE,48,80,0.6,FALSE,FALSE,TRUE,Excluded from both; 2026 only
7715,NA,NA,NA,FALSE,48,80,0.6,FALSE,FALSE,TRUE,Excluded from both; 2026 only
7716,NA,NA,NA,FALSE,48,80,0.6,FALSE,FALSE,TRUE,Excluded from both; 2026 only
7717,NA,NA,NA,FALSE,47,80,0.5875,FALSE,FALSE,TRUE,Excluded from both; 2026 only
7718,NA,NA,NA,FALSE,41,80,0.5125,FALSE,FALSE,TRUE,Excluded from both; 2026 only
7719,NA,NA,NA,FALSE,40,80,0.5,FALSE,FALSE,TRUE,Excluded from both; 2026 only
7720,NA,NA,NA,FALSE,37,80,0.4625,FALSE,FALSE,TRUE,Excluded from both; 2026 only
7721,NA,NA,NA,FALSE,34,80,0.425,FALSE,FALSE,TRUE,Excluded from both; 2026 only
7722,NA,NA,NA,FALSE,34,80,0.425,FALSE,FALSE,TRUE,Excluded from both; 2026 only
7723,NA,NA,NA,FALSE,32,80,0.4,FALSE,FALSE,TRUE,Excluded from both; 2026 only
7724,NA,NA,NA,FALSE,32,80,0.4,FALSE,FALSE,TRUE,Excluded from both; 2026 only
7725,NA,NA,NA,FALSE,32,80,0.4,FALSE,FALSE,TRUE,Excluded from both; 2026 only
7726,NA,NA,NA,FALSE,27,80,0.3375,FALSE,FALSE,TRUE,Excluded from both; 2026 only
7727,NA,NA,NA,FALSE,28,80,0.35,FALSE,FALSE,TRUE,Excluded from both; 2026 only
7728,NA,NA,NA,FALSE,28,80,0.35,FALSE,FALSE,TRUE,Excluded from both; 2026 only
7729,NA,NA,NA,FALSE,25,80,0.3125,FALSE,FALSE,TRUE,Excluded from both; 2026 only
7730,NA,NA,NA,FALSE,21,80,0.2625,FALSE,FALSE,TRUE,Excluded from both; 2026 only
7731,NA,NA,NA,FALSE,21,80,0.2625,FALSE,FALSE,TRUE,Excluded from both; 2026 only
6025,29,29,1,TRUE,NA,NA,NA,FALSE,TRUE,FALSE,Retained in 2024 only
6039,29,29,1,TRUE,NA,NA,NA,FALSE,TRUE,FALSE,Retained in 2024 only
6043,29,29,1,TRUE,NA,NA,NA,FALSE,TRUE,FALSE,Retained in 2024 only
6054,29,29,1,TRUE,NA,NA,NA,FALSE,TRUE,FALSE,Retained in 2024 only
6072,29,29,1,TRUE,NA,NA,NA,FALSE,TRUE,FALSE,Retained in 2024 only
6082,29,29,1,TRUE,NA,NA,NA,FALSE,TRUE,FALSE,Retained in 2024 only
6087,29,29,1,TRUE,NA,NA,NA,FALSE,TRUE,FALSE,Retained in 2024 only
6088,29,29,1,TRUE,NA,NA,NA,FALSE,TRUE,FALSE,Retained in 2024 only
6092,29,29,1,TRUE,NA,NA,NA,FALSE,TRUE,FALSE,Retained in 2024 only
6094,29,29,1,TRUE,NA,NA,NA,FALSE,TRUE,FALSE,Retained in 2024 only
6101,29,29,1,TRUE,NA,NA,NA,FALSE,TRUE,FALSE,Retained in 2024 only
6167,25,29,0.8620689655172413,TRUE,NA,NA,NA,FALSE,TRUE,FALSE,Retained in 2024 only
6213,29,29,1,TRUE,NA,NA,NA,FALSE,TRUE,FALSE,Retained in 2024 only
6225,29,29,1,TRUE,NA,NA,NA,FALSE,TRUE,FALSE,Retained in 2024 only
6232,29,29,1,TRUE,NA,NA,NA,FALSE,TRUE,FALSE,Retained in 2024 only
6239,29,29,1,TRUE,NA,NA,NA,FALSE,TRUE,FALSE,Retained in 2024 only
6245,29,29,1,TRUE,NA,NA,NA,FALSE,TRUE,FALSE,Retained in 2024 only
6246,25,29,0.8620689655172413,TRUE,NA,NA,NA,FALSE,TRUE,FALSE,Retained in 2024 only
6248,29,29,1,TRUE,NA,NA,NA,FALSE,TRUE,FALSE,Retained in 2024 only
6249,29,29,1,TRUE,NA,NA,NA,FALSE,TRUE,FALSE,Retained in 2024 only
6250,29,29,1,TRUE,NA,NA,NA,FALSE,TRUE,FALSE,Retained in 2024 only
6254,29,29,1,TRUE,NA,NA,NA,FALSE,TRUE,FALSE,Retained in 2024 only
6266,29,29,1,TRUE,NA,NA,NA,FALSE,TRUE,FALSE,Retained in 2024 only
6267,29,29,1,TRUE,NA,NA,NA,FALSE,TRUE,FALSE,Retained in 2024 only
6268,26,29,0.896551724137931,TRUE,NA,NA,NA,FALSE,TRUE,FALSE,Retained in 2024 only
6272,29,29,1,TRUE,NA,NA,NA,FALSE,TRUE,FALSE,Retained in 2024 only
6287,29,29,1,TRUE,NA,NA,NA,FALSE,TRUE,FALSE,Retained in 2024 only
6291,29,29,1,TRUE,NA,NA,NA,FALSE,TRUE,FALSE,Retained in 2024 only
6297,29,29,1,TRUE,NA,NA,NA,FALSE,TRUE,FALSE,Retained in 2024 only
6298,29,29,1,TRUE,NA,NA,NA,FALSE,TRUE,FALSE,Retained in 2024 only
6299,24,29,0.8275862068965517,TRUE,NA,NA,NA,FALSE,TRUE,FALSE,Retained in 2024 only
6304,29,29,1,TRUE,NA,NA,NA,FALSE,TRUE,FALSE,Retained in 2024 only
6318,29,29,1,TRUE,NA,NA,NA,FALSE,TRUE,FALSE,Retained in 2024 only
6326,29,29,1,TRUE,48,80,0.6,FALSE,TRUE,TRUE,Retained in 2024 only
6338,29,29,1,TRUE,NA,NA,NA,FALSE,TRUE,FALSE,Retained in 2024 only
6345,29,29,1,TRUE,NA,NA,NA,FALSE,TRUE,FALSE,Retained in 2024 only
6357,29,29,1,TRUE,NA,NA,NA,FALSE,TRUE,FALSE,Retained in 2024 only
6367,29,29,1,TRUE,NA,NA,NA,FALSE,TRUE,FALSE,Retained in 2024 only
6368,29,29,1,TRUE,NA,NA,NA,FALSE,TRUE,FALSE,Retained in 2024 only
6380,29,29,1,TRUE,8,80,0.1,FALSE,TRUE,TRUE,Retained in 2024 only
6384,29,29,1,TRUE,NA,NA,NA,FALSE,TRUE,FALSE,Retained in 2024 only
6388,29,29,1,TRUE,NA,NA,NA,FALSE,TRUE,FALSE,Retained in 2024 only
6395,29,29,1,TRUE,NA,NA,NA,FALSE,TRUE,FALSE,Retained in 2024 only
6406,29,29,1,TRUE,NA,NA,NA,FALSE,TRUE,FALSE,Retained in 2024 only
6418,29,29,1,TRUE,NA,NA,NA,FALSE,TRUE,FALSE,Retained in 2024 only
6445,29,29,1,TRUE,NA,NA,NA,FALSE,TRUE,FALSE,Retained in 2024 only
6448,29,29,1,TRUE,NA,NA,NA,FALSE,TRUE,FALSE,Retained in 2024 only
6491,29,29,1,TRUE,NA,NA,NA,FALSE,TRUE,FALSE,Retained in 2024 only
6492,29,29,1,TRUE,NA,NA,NA,FALSE,TRUE,FALSE,Retained in 2024 only
6501,29,29,1,TRUE,NA,NA,NA,FALSE,TRUE,FALSE,Retained in 2024 only
6504,29,29,1,TRUE,NA,NA,NA,FALSE,TRUE,FALSE,Retained in 2024 only
6510,29,29,1,TRUE,NA,NA,NA,FALSE,TRUE,FALSE,Retained in 2024 only
6517,29,29,1,TRUE,NA,NA,NA,FALSE,TRUE,FALSE,Retained in 2024 only
6519,29,29,1,TRUE,NA,NA,NA,FALSE,TRUE,FALSE,Retained in 2024 only
6531,29,29,1,TRUE,NA,NA,NA,FALSE,TRUE,FALSE,Retained in 2024 only
6536,29,29,1,TRUE,NA,NA,NA,FALSE,TRUE,FALSE,Retained in 2024 only
6549,29,29,1,TRUE,NA,NA,NA,FALSE,TRUE,FALSE,Retained in 2024 only
6558,29,29,1,TRUE,NA,NA,NA,FALSE,TRUE,FALSE,Retained in 2024 only
6560,24,29,0.8275862068965517,TRUE,NA,NA,NA,FALSE,TRUE,FALSE,Retained in 2024 only
6575,29,29,1,TRUE,NA,NA,NA,FALSE,TRUE,FALSE,Retained in 2024 only
6582,29,29,1,TRUE,NA,NA,NA,FALSE,TRUE,FALSE,Retained in 2024 only
6591,29,29,1,TRUE,NA,NA,NA,FALSE,TRUE,FALSE,Retained in 2024 only
6600,29,29,1,TRUE,NA,NA,NA,FALSE,TRUE,FALSE,Retained in 2024 only
6603,29,29,1,TRUE,NA,NA,NA,FALSE,TRUE,FALSE,Retained in 2024 only
6607,29,29,1,TRUE,NA,NA,NA,FALSE,TRUE,FALSE,Retained in 2024 only
6623,29,29,1,TRUE,NA,NA,NA,FALSE,TRUE,FALSE,Retained in 2024 only
6637,29,29,1,TRUE,NA,NA,NA,FALSE,TRUE,FALSE,Retained in 2024 only
6647,29,29,1,TRUE,51,80,0.6375,FALSE,TRUE,TRUE,Retained in 2024 only
6648,29,29,1,TRUE,NA,NA,NA,FALSE,TRUE,FALSE,Retained in 2024 only
6689,29,29,1,TRUE,NA,NA,NA,FALSE,TRUE,FALSE,Retained in 2024 only
6764,29,29,1,TRUE,61,80,0.7625,FALSE,TRUE,TRUE,Retained in 2024 only
6773,29,29,1,TRUE,NA,NA,NA,FALSE,TRUE,FALSE,Retained in 2024 only
6774,29,29,1,TRUE,NA,NA,NA,FALSE,TRUE,FALSE,Retained in 2024 only
6776,29,29,1,TRUE,NA,NA,NA,FALSE,TRUE,FALSE,Retained in 2024 only
6782,29,29,1,TRUE,NA,NA,NA,FALSE,TRUE,FALSE,Retained in 2024 only
6785,29,29,1,TRUE,NA,NA,NA,FALSE,TRUE,FALSE,Retained in 2024 only
6831,29,29,1,TRUE,NA,NA,NA,FALSE,TRUE,FALSE,Retained in 2024 only
6839,29,29,1,TRUE,NA,NA,NA,FALSE,TRUE,FALSE,Retained in 2024 only
6856,29,29,1,TRUE,NA,NA,NA,FALSE,TRUE,FALSE,Retained in 2024 only
6862,29,29,1,TRUE,NA,NA,NA,FALSE,TRUE,FALSE,Retained in 2024 only
6869,29,29,1,TRUE,NA,NA,NA,FALSE,TRUE,FALSE,Retained in 2024 only
6870,29,29,1,TRUE,28,80,0.35,FALSE,TRUE,TRUE,Retained in 2024 only
6876,29,29,1,TRUE,NA,NA,NA,FALSE,TRUE,FALSE,Retained in 2024 only
6877,29,29,1,TRUE,56,80,0.7,FALSE,TRUE,TRUE,Retained in 2024 only
6892,29,29,1,TRUE,NA,NA,NA,FALSE,TRUE,FALSE,Retained in 2024 only
6894,29,29,1,TRUE,NA,NA,NA,FALSE,TRUE,FALSE,Retained in 2024 only
6899,29,29,1,TRUE,NA,NA,NA,FALSE,TRUE,FALSE,Retained in 2024 only
6906,29,29,1,TRUE,NA,NA,NA,FALSE,TRUE,FALSE,Retained in 2024 only
6934,29,29,1,TRUE,NA,NA,NA,FALSE,TRUE,FALSE,Retained in 2024 only
6949,29,29,1,TRUE,NA,NA,NA,FALSE,TRUE,FALSE,Retained in 2024 only
6951,29,29,1,TRUE,NA,NA,NA,FALSE,TRUE,FALSE,Retained in 2024 only
6957,29,29,1,TRUE,NA,NA,NA,FALSE,TRUE,FALSE,Retained in 2024 only
6961,29,29,1,TRUE,NA,NA,NA,FALSE,TRUE,FALSE,Retained in 2024 only
6985,29,29,1,TRUE,NA,NA,NA,FALSE,TRUE,FALSE,Retained in 2024 only
7002,29,29,1,TRUE,NA,NA,NA,FALSE,TRUE,FALSE,Retained in 2024 only
7005,29,29,1,TRUE,52,80,0.65,FALSE,TRUE,TRUE,Retained in 2024 only
7016,29,29,1,TRUE,NA,NA,NA,FALSE,TRUE,FALSE,Retained in 2024 only
7027,29,29,1,TRUE,NA,NA,NA,FALSE,TRUE,FALSE,Retained in 2024 only
7047,29,29,1,TRUE,NA,NA,NA,FALSE,TRUE,FALSE,Retained in 2024 only
7056,29,29,1,TRUE,NA,NA,NA,FALSE,TRUE,FALSE,Retained in 2024 only
7060,29,29,1,TRUE,NA,NA,NA,FALSE,TRUE,FALSE,Retained in 2024 only
7065,29,29,1,TRUE,NA,NA,NA,FALSE,TRUE,FALSE,Retained in 2024 only
7070,29,29,1,TRUE,60,80,0.75,FALSE,TRUE,TRUE,Retained in 2024 only
7077,29,29,1,TRUE,NA,NA,NA,FALSE,TRUE,FALSE,Retained in 2024 only
7079,29,29,1,TRUE,NA,NA,NA,FALSE,TRUE,FALSE,Retained in 2024 only
7108,29,29,1,TRUE,NA,NA,NA,FALSE,TRUE,FALSE,Retained in 2024 only
7111,29,29,1,TRUE,49,80,0.6125,FALSE,TRUE,TRUE,Retained in 2024 only
7112,29,29,1,TRUE,NA,NA,NA,FALSE,TRUE,FALSE,Retained in 2024 only
7116,29,29,1,TRUE,NA,NA,NA,FALSE,TRUE,FALSE,Retained in 2024 only
7121,25,29,0.8620689655172413,TRUE,NA,NA,NA,FALSE,TRUE,FALSE,Retained in 2024 only
7122,29,29,1,TRUE,NA,NA,NA,FALSE,TRUE,FALSE,Retained in 2024 only
7144,29,29,1,TRUE,NA,NA,NA,FALSE,TRUE,FALSE,Retained in 2024 only
7149,29,29,1,TRUE,NA,NA,NA,FALSE,TRUE,FALSE,Retained in 2024 only
7155,29,29,1,TRUE,NA,NA,NA,FALSE,TRUE,FALSE,Retained in 2024 only
7173,29,29,1,TRUE,NA,NA,NA,FALSE,TRUE,FALSE,Retained in 2024 only
7175,29,29,1,TRUE,NA,NA,NA,FALSE,TRUE,FALSE,Retained in 2024 only
7178,29,29,1,TRUE,NA,NA,NA,FALSE,TRUE,FALSE,Retained in 2024 only
7192,29,29,1,TRUE,NA,NA,NA,FALSE,TRUE,FALSE,Retained in 2024 only
7206,29,29,1,TRUE,25,80,0.3125,FALSE,TRUE,TRUE,Retained in 2024 only
7212,27,29,0.9310344827586207,TRUE,NA,NA,NA,FALSE,TRUE,FALSE,Retained in 2024 only
7214,29,29,1,TRUE,NA,NA,NA,FALSE,TRUE,FALSE,Retained in 2024 only
7217,29,29,1,TRUE,NA,NA,NA,FALSE,TRUE,FALSE,Retained in 2024 only
7218,29,29,1,TRUE,NA,NA,NA,FALSE,TRUE,FALSE,Retained in 2024 only
7219,29,29,1,TRUE,31,80,0.3875,FALSE,TRUE,TRUE,Retained in 2024 only
7241,29,29,1,TRUE,NA,NA,NA,FALSE,TRUE,FALSE,Retained in 2024 only
7246,29,29,1,TRUE,NA,NA,NA,FALSE,TRUE,FALSE,Retained in 2024 only
7248,29,29,1,TRUE,NA,NA,NA,FALSE,TRUE,FALSE,Retained in 2024 only
7251,29,29,1,TRUE,NA,NA,NA,FALSE,TRUE,FALSE,Retained in 2024 only
7254,29,29,1,TRUE,20,80,0.25,FALSE,TRUE,TRUE,Retained in 2024 only
7268,29,29,1,TRUE,NA,NA,NA,FALSE,TRUE,FALSE,Retained in 2024 only
7273,29,29,1,TRUE,NA,NA,NA,FALSE,TRUE,FALSE,Retained in 2024 only
7276,29,29,1,TRUE,NA,NA,NA,FALSE,TRUE,FALSE,Retained in 2024 only
7279,29,29,1,TRUE,NA,NA,NA,FALSE,TRUE,FALSE,Retained in 2024 only
7281,29,29,1,TRUE,32,80,0.4,FALSE,TRUE,TRUE,Retained in 2024 only
7288,29,29,1,TRUE,NA,NA,NA,FALSE,TRUE,FALSE,Retained in 2024 only
7289,29,29,1,TRUE,NA,NA,NA,FALSE,TRUE,FALSE,Retained in 2024 only
7296,29,29,1,TRUE,NA,NA,NA,FALSE,TRUE,FALSE,Retained in 2024 only
6342,12,29,0.41379310344827586,FALSE,80,80,1,TRUE,TRUE,TRUE,Retained in 2026 only
6499,NA,NA,NA,FALSE,80,80,1,TRUE,FALSE,TRUE,Retained in 2026 only
6513,NA,NA,NA,FALSE,80,80,1,TRUE,FALSE,TRUE,Retained in 2026 only
6521,NA,NA,NA,FALSE,76,80,0.95,TRUE,FALSE,TRUE,Retained in 2026 only
6543,NA,NA,NA,FALSE,80,80,1,TRUE,FALSE,TRUE,Retained in 2026 only
6589,NA,NA,NA,FALSE,79,80,0.9875,TRUE,FALSE,TRUE,Retained in 2026 only
6683,19,29,0.6551724137931034,FALSE,80,80,1,TRUE,TRUE,TRUE,Retained in 2026 only
6790,NA,NA,NA,FALSE,73,80,0.9125,TRUE,FALSE,TRUE,Retained in 2026 only
6836,NA,NA,NA,FALSE,77,80,0.9625,TRUE,FALSE,TRUE,Retained in 2026 only
6868,8,29,0.27586206896551724,FALSE,80,80,1,TRUE,TRUE,TRUE,Retained in 2026 only
6893,NA,NA,NA,FALSE,72,80,0.9,TRUE,FALSE,TRUE,Retained in 2026 only
6907,NA,NA,NA,FALSE,75,80,0.9375,TRUE,FALSE,TRUE,Retained in 2026 only
6946,NA,NA,NA,FALSE,80,80,1,TRUE,FALSE,TRUE,Retained in 2026 only
6950,NA,NA,NA,FALSE,79,80,0.9875,TRUE,FALSE,TRUE,Retained in 2026 only
6979,NA,NA,NA,FALSE,80,80,1,TRUE,FALSE,TRUE,Retained in 2026 only
6980,NA,NA,NA,FALSE,80,80,1,TRUE,FALSE,TRUE,Retained in 2026 only
6981,NA,NA,NA,FALSE,80,80,1,TRUE,FALSE,TRUE,Retained in 2026 only
6982,NA,NA,NA,FALSE,80,80,1,TRUE,FALSE,TRUE,Retained in 2026 only
6984,NA,NA,NA,FALSE,75,80,0.9375,TRUE,FALSE,TRUE,Retained in 2026 only
6988,NA,NA,NA,FALSE,80,80,1,TRUE,FALSE,TRUE,Retained in 2026 only
6989,NA,NA,NA,FALSE,77,80,0.9625,TRUE,FALSE,TRUE,Retained in 2026 only
6990,NA,NA,NA,FALSE,80,80,1,TRUE,FALSE,TRUE,Retained in 2026 only
6992,NA,NA,NA,FALSE,77,80,0.9625,TRUE,FALSE,TRUE,Retained in 2026 only
6995,NA,NA,NA,FALSE,80,80,1,TRUE,FALSE,TRUE,Retained in 2026 only
6996,NA,NA,NA,FALSE,80,80,1,TRUE,FALSE,TRUE,Retained in 2026 only
7044,NA,NA,NA,FALSE,80,80,1,TRUE,FALSE,TRUE,Retained in 2026 only
7071,NA,NA,NA,FALSE,80,80,1,TRUE,FALSE,TRUE,Retained in 2026 only
7099,NA,NA,NA,FALSE,77,80,0.9625,TRUE,FALSE,TRUE,Retained in 2026 only
7102,8,29,0.27586206896551724,FALSE,80,80,1,TRUE,TRUE,TRUE,Retained in 2026 only
7123,NA,NA,NA,FALSE,72,80,0.9,TRUE,FALSE,TRUE,Retained in 2026 only
7130,13,29,0.4482758620689655,FALSE,80,80,1,TRUE,TRUE,TRUE,Retained in 2026 only
7143,NA,NA,NA,FALSE,80,80,1,TRUE,FALSE,TRUE,Retained in 2026 only
7163,NA,NA,NA,FALSE,77,80,0.9625,TRUE,FALSE,TRUE,Retained in 2026 only
7166,NA,NA,NA,FALSE,73,80,0.9125,TRUE,FALSE,TRUE,Retained in 2026 only
7181,NA,NA,NA,FALSE,80,80,1,TRUE,FALSE,TRUE,Retained in 2026 only
7215,NA,NA,NA,FALSE,79,80,0.9875,TRUE,FALSE,TRUE,Retained in 2026 only
7247,NA,NA,NA,FALSE,80,80,1,TRUE,FALSE,TRUE,Retained in 2026 only
7262,NA,NA,NA,FALSE,71,80,0.8875,TRUE,FALSE,TRUE,Retained in 2026 only
7277,NA,NA,NA,FALSE,71,80,0.8875,TRUE,FALSE,TRUE,Retained in 2026 only
7284,6,29,0.20689655172413793,FALSE,76,80,0.95,TRUE,TRUE,TRUE,Retained in 2026 only
7290,6,29,0.20689655172413793,FALSE,77,80,0.9625,TRUE,TRUE,TRUE,Retained in 2026 only
7294,NA,NA,NA,FALSE,69,80,0.8625,TRUE,FALSE,TRUE,Retained in 2026 only
7298,NA,NA,NA,FALSE,71,80,0.8875,TRUE,FALSE,TRUE,Retained in 2026 only
7300,NA,NA,NA,FALSE,80,80,1,TRUE,FALSE,TRUE,Retained in 2026 only
7302,NA,NA,NA,FALSE,80,80,1,TRUE,FALSE,TRUE,Retained in 2026 only
7304,NA,NA,NA,FALSE,80,80,1,TRUE,FALSE,TRUE,Retained in 2026 only
7305,NA,NA,NA,FALSE,80,80,1,TRUE,FALSE,TRUE,Retained in 2026 only
7306,NA,NA,NA,FALSE,80,80,1,TRUE,FALSE,TRUE,Retained in 2026 only
7307,NA,NA,NA,FALSE,71,80,0.8875,TRUE,FALSE,TRUE,Retained in 2026 only
7308,NA,NA,NA,FALSE,65,80,0.8125,TRUE,FALSE,TRUE,Retained in 2026 only
7310,NA,NA,NA,FALSE,75,80,0.9375,TRUE,FALSE,TRUE,Retained in 2026 only
7314,NA,NA,NA,FALSE,80,80,1,TRUE,FALSE,TRUE,Retained in 2026 only
7316,NA,NA,NA,FALSE,80,80,1,TRUE,FALSE,TRUE,Retained in 2026 only
7317,NA,NA,NA,FALSE,80,80,1,TRUE,FALSE,TRUE,Retained in 2026 only
7318,NA,NA,NA,FALSE,80,80,1,TRUE,FALSE,TRUE,Retained in 2026 only
7319,NA,NA,NA,FALSE,80,80,1,TRUE,FALSE,TRUE,Retained in 2026 only
7320,NA,NA,NA,FALSE,80,80,1,TRUE,FALSE,TRUE,Retained in 2026 only
7322,NA,NA,NA,FALSE,80,80,1,TRUE,FALSE,TRUE,Retained in 2026 only
7323,NA,NA,NA,FALSE,79,80,0.9875,TRUE,FALSE,TRUE,Retained in 2026 only
7324,NA,NA,NA,FALSE,80,80,1,TRUE,FALSE,TRUE,Retained in 2026 only
7325,NA,NA,NA,FALSE,76,80,0.95,TRUE,FALSE,TRUE,Retained in 2026 only
7326,NA,NA,NA,FALSE,79,80,0.9875,TRUE,FALSE,TRUE,Retained in 2026 only
7327,NA,NA,NA,FALSE,80,80,1,TRUE,FALSE,TRUE,Retained in 2026 only
7328,NA,NA,NA,FALSE,80,80,1,TRUE,FALSE,TRUE,Retained in 2026 only
7329,NA,NA,NA,FALSE,80,80,1,TRUE,FALSE,TRUE,Retained in 2026 only
7333,NA,NA,NA,FALSE,76,80,0.95,TRUE,FALSE,TRUE,Retained in 2026 only
7334,NA,NA,NA,FALSE,77,80,0.9625,TRUE,FALSE,TRUE,Retained in 2026 only
7339,NA,NA,NA,FALSE,76,80,0.95,TRUE,FALSE,TRUE,Retained in 2026 only
7341,NA,NA,NA,FALSE,77,80,0.9625,TRUE,FALSE,TRUE,Retained in 2026 only
7342,NA,NA,NA,FALSE,75,80,0.9375,TRUE,FALSE,TRUE,Retained in 2026 only
7344,NA,NA,NA,FALSE,80,80,1,TRUE,FALSE,TRUE,Retained in 2026 only
7346,NA,NA,NA,FALSE,79,80,0.9875,TRUE,FALSE,TRUE,Retained in 2026 only
7348,NA,NA,NA,FALSE,76,80,0.95,TRUE,FALSE,TRUE,Retained in 2026 only
7350,NA,NA,NA,FALSE,80,80,1,TRUE,FALSE,TRUE,Retained in 2026 only
7351,NA,NA,NA,FALSE,76,80,0.95,TRUE,FALSE,TRUE,Retained in 2026 only
7352,NA,NA,NA,FALSE,74,80,0.925,TRUE,FALSE,TRUE,Retained in 2026 only
7354,NA,NA,NA,FALSE,80,80,1,TRUE,FALSE,TRUE,Retained in 2026 only
7359,NA,NA,NA,FALSE,71,80,0.8875,TRUE,FALSE,TRUE,Retained in 2026 only
7360,NA,NA,NA,FALSE,76,80,0.95,TRUE,FALSE,TRUE,Retained in 2026 only
7361,NA,NA,NA,FALSE,80,80,1,TRUE,FALSE,TRUE,Retained in 2026 only
7363,NA,NA,NA,FALSE,75,80,0.9375,TRUE,FALSE,TRUE,Retained in 2026 only
7366,NA,NA,NA,FALSE,80,80,1,TRUE,FALSE,TRUE,Retained in 2026 only
7367,NA,NA,NA,FALSE,74,80,0.925,TRUE,FALSE,TRUE,Retained in 2026 only
7368,NA,NA,NA,FALSE,80,80,1,TRUE,FALSE,TRUE,Retained in 2026 only
7370,NA,NA,NA,FALSE,75,80,0.9375,TRUE,FALSE,TRUE,Retained in 2026 only
7371,NA,NA,NA,FALSE,72,80,0.9,TRUE,FALSE,TRUE,Retained in 2026 only
7372,NA,NA,NA,FALSE,80,80,1,TRUE,FALSE,TRUE,Retained in 2026 only
7373,NA,NA,NA,FALSE,74,80,0.925,TRUE,FALSE,TRUE,Retained in 2026 only
7374,NA,NA,NA,FALSE,80,80,1,TRUE,FALSE,TRUE,Retained in 2026 only
7375,NA,NA,NA,FALSE,70,80,0.875,TRUE,FALSE,TRUE,Retained in 2026 only
7376,NA,NA,NA,FALSE,80,80,1,TRUE,FALSE,TRUE,Retained in 2026 only
7378,NA,NA,NA,FALSE,73,80,0.9125,TRUE,FALSE,TRUE,Retained in 2026 only
7379,NA,NA,NA,FALSE,80,80,1,TRUE,FALSE,TRUE,Retained in 2026 only
7380,NA,NA,NA,FALSE,80,80,1,TRUE,FALSE,TRUE,Retained in 2026 only
7381,NA,NA,NA,FALSE,75,80,0.9375,TRUE,FALSE,TRUE,Retained in 2026 only
7383,NA,NA,NA,FALSE,80,80,1,TRUE,FALSE,TRUE,Retained in 2026 only
7384,NA,NA,NA,FALSE,80,80,1,TRUE,FALSE,TRUE,Retained in 2026 only
7385,NA,NA,NA,FALSE,79,80,0.9875,TRUE,FALSE,TRUE,Retained in 2026 only
7386,NA,NA,NA,FALSE,79,80,0.9875,TRUE,FALSE,TRUE,Retained in 2026 only
7387,NA,NA,NA,FALSE,80,80,1,TRUE,FALSE,TRUE,Retained in 2026 only
7388,NA,NA,NA,FALSE,76,80,0.95,TRUE,FALSE,TRUE,Retained in 2026 only
7390,NA,NA,NA,FALSE,75,80,0.9375,TRUE,FALSE,TRUE,Retained in 2026 only
7392,NA,NA,NA,FALSE,78,80,0.975,TRUE,FALSE,TRUE,Retained in 2026 only
7393,NA,NA,NA,FALSE,80,80,1,TRUE,FALSE,TRUE,Retained in 2026 only
7395,NA,NA,NA,FALSE,80,80,1,TRUE,FALSE,TRUE,Retained in 2026 only
7396,NA,NA,NA,FALSE,79,80,0.9875,TRUE,FALSE,TRUE,Retained in 2026 only
7397,NA,NA,NA,FALSE,72,80,0.9,TRUE,FALSE,TRUE,Retained in 2026 only
7398,NA,NA,NA,FALSE,80,80,1,TRUE,FALSE,TRUE,Retained in 2026 only
7399,NA,NA,NA,FALSE,80,80,1,TRUE,FALSE,TRUE,Retained in 2026 only
7400,NA,NA,NA,FALSE,72,80,0.9,TRUE,FALSE,TRUE,Retained in 2026 only
7401,NA,NA,NA,FALSE,74,80,0.925,TRUE,FALSE,TRUE,Retained in 2026 only
7402,NA,NA,NA,FALSE,80,80,1,TRUE,FALSE,TRUE,Retained in 2026 only
7403,NA,NA,NA,FALSE,79,80,0.9875,TRUE,FALSE,TRUE,Retained in 2026 only
7404,NA,NA,NA,FALSE,80,80,1,TRUE,FALSE,TRUE,Retained in 2026 only
7405,NA,NA,NA,FALSE,79,80,0.9875,TRUE,FALSE,TRUE,Retained in 2026 only
7406,NA,NA,NA,FALSE,76,80,0.95,TRUE,FALSE,TRUE,Retained in 2026 only
7408,NA,NA,NA,FALSE,80,80,1,TRUE,FALSE,TRUE,Retained in 2026 only
7409,NA,NA,NA,FALSE,80,80,1,TRUE,FALSE,TRUE,Retained in 2026 only
7412,NA,NA,NA,FALSE,80,80,1,TRUE,FALSE,TRUE,Retained in 2026 only
7413,NA,NA,NA,FALSE,80,80,1,TRUE,FALSE,TRUE,Retained in 2026 only
7414,NA,NA,NA,FALSE,75,80,0.9375,TRUE,FALSE,TRUE,Retained in 2026 only
7415,NA,NA,NA,FALSE,78,80,0.975,TRUE,FALSE,TRUE,Retained in 2026 only
7416,NA,NA,NA,FALSE,75,80,0.9375,TRUE,FALSE,TRUE,Retained in 2026 only
7418,NA,NA,NA,FALSE,72,80,0.9,TRUE,FALSE,TRUE,Retained in 2026 only
7419,NA,NA,NA,FALSE,80,80,1,TRUE,FALSE,TRUE,Retained in 2026 only
7420,NA,NA,NA,FALSE,80,80,1,TRUE,FALSE,TRUE,Retained in 2026 only
7421,NA,NA,NA,FALSE,80,80,1,TRUE,FALSE,TRUE,Retained in 2026 only
7422,NA,NA,NA,FALSE,75,80,0.9375,TRUE,FALSE,TRUE,Retained in 2026 only
7423,NA,NA,NA,FALSE,75,80,0.9375,TRUE,FALSE,TRUE,Retained in 2026 only
7425,NA,NA,NA,FALSE,72,80,0.9,TRUE,FALSE,TRUE,Retained in 2026 only
7428,NA,NA,NA,FALSE,79,80,0.9875,TRUE,FALSE,TRUE,Retained in 2026 only
7429,NA,NA,NA,FALSE,79,80,0.9875,TRUE,FALSE,TRUE,Retained in 2026 only
7430,NA,NA,NA,FALSE,80,80,1,TRUE,FALSE,TRUE,Retained in 2026 only
7431,NA,NA,NA,FALSE,80,80,1,TRUE,FALSE,TRUE,Retained in 2026 only
7432,NA,NA,NA,FALSE,79,80,0.9875,TRUE,FALSE,TRUE,Retained in 2026 only
7433,NA,NA,NA,FALSE,76,80,0.95,TRUE,FALSE,TRUE,Retained in 2026 only
7434,NA,NA,NA,FALSE,79,80,0.9875,TRUE,FALSE,TRUE,Retained in 2026 only
7435,NA,NA,NA,FALSE,80,80,1,TRUE,FALSE,TRUE,Retained in 2026 only
7436,NA,NA,NA,FALSE,71,80,0.8875,TRUE,FALSE,TRUE,Retained in 2026 only
7437,NA,NA,NA,FALSE,80,80,1,TRUE,FALSE,TRUE,Retained in 2026 only
7439,NA,NA,NA,FALSE,80,80,1,TRUE,FALSE,TRUE,Retained in 2026 only
7440,NA,NA,NA,FALSE,80,80,1,TRUE,FALSE,TRUE,Retained in 2026 only
7441,NA,NA,NA,FALSE,71,80,0.8875,TRUE,FALSE,TRUE,Retained in 2026 only
7442,NA,NA,NA,FALSE,80,80,1,TRUE,FALSE,TRUE,Retained in 2026 only
7443,NA,NA,NA,FALSE,80,80,1,TRUE,FALSE,TRUE,Retained in 2026 only
7445,NA,NA,NA,FALSE,79,80,0.9875,TRUE,FALSE,TRUE,Retained in 2026 only
7446,NA,NA,NA,FALSE,76,80,0.95,TRUE,FALSE,TRUE,Retained in 2026 only
7447,NA,NA,NA,FALSE,80,80,1,TRUE,FALSE,TRUE,Retained in 2026 only
7448,NA,NA,NA,FALSE,76,80,0.95,TRUE,FALSE,TRUE,Retained in 2026 only
7449,NA,NA,NA,FALSE,80,80,1,TRUE,FALSE,TRUE,Retained in 2026 only
7450,NA,NA,NA,FALSE,80,80,1,TRUE,FALSE,TRUE,Retained in 2026 only
7451,NA,NA,NA,FALSE,79,80,0.9875,TRUE,FALSE,TRUE,Retained in 2026 only
7452,NA,NA,NA,FALSE,75,80,0.9375,TRUE,FALSE,TRUE,Retained in 2026 only
7453,NA,NA,NA,FALSE,75,80,0.9375,TRUE,FALSE,TRUE,Retained in 2026 only
7454,NA,NA,NA,FALSE,76,80,0.95,TRUE,FALSE,TRUE,Retained in 2026 only
7455,NA,NA,NA,FALSE,74,80,0.925,TRUE,FALSE,TRUE,Retained in 2026 only
7456,NA,NA,NA,FALSE,80,80,1,TRUE,FALSE,TRUE,Retained in 2026 only
7457,NA,NA,NA,FALSE,72,80,0.9,TRUE,FALSE,TRUE,Retained in 2026 only
7458,NA,NA,NA,FALSE,80,80,1,TRUE,FALSE,TRUE,Retained in 2026 only
7459,NA,NA,NA,FALSE,80,80,1,TRUE,FALSE,TRUE,Retained in 2026 only
7460,NA,NA,NA,FALSE,76,80,0.95,TRUE,FALSE,TRUE,Retained in 2026 only
7462,NA,NA,NA,FALSE,80,80,1,TRUE,FALSE,TRUE,Retained in 2026 only
7463,NA,NA,NA,FALSE,80,80,1,TRUE,FALSE,TRUE,Retained in 2026 only
7464,NA,NA,NA,FALSE,78,80,0.975,TRUE,FALSE,TRUE,Retained in 2026 only
7465,NA,NA,NA,FALSE,76,80,0.95,TRUE,FALSE,TRUE,Retained in 2026 only
7466,NA,NA,NA,FALSE,74,80,0.925,TRUE,FALSE,TRUE,Retained in 2026 only
7467,NA,NA,NA,FALSE,80,80,1,TRUE,FALSE,TRUE,Retained in 2026 only
7468,NA,NA,NA,FALSE,72,80,0.9,TRUE,FALSE,TRUE,Retained in 2026 only
7470,NA,NA,NA,FALSE,80,80,1,TRUE,FALSE,TRUE,Retained in 2026 only
7471,NA,NA,NA,FALSE,80,80,1,TRUE,FALSE,TRUE,Retained in 2026 only
7473,NA,NA,NA,FALSE,80,80,1,TRUE,FALSE,TRUE,Retained in 2026 only
7474,NA,NA,NA,FALSE,79,80,0.9875,TRUE,FALSE,TRUE,Retained in 2026 only
7475,NA,NA,NA,FALSE,76,80,0.95,TRUE,FALSE,TRUE,Retained in 2026 only
7476,NA,NA,NA,FALSE,80,80,1,TRUE,FALSE,TRUE,Retained in 2026 only
7477,NA,NA,NA,FALSE,80,80,1,TRUE,FALSE,TRUE,Retained in 2026 only
7478,NA,NA,NA,FALSE,80,80,1,TRUE,FALSE,TRUE,Retained in 2026 only
7479,NA,NA,NA,FALSE,79,80,0.9875,TRUE,FALSE,TRUE,Retained in 2026 only
7480,NA,NA,NA,FALSE,77,80,0.9625,TRUE,FALSE,TRUE,Retained in 2026 only
7481,NA,NA,NA,FALSE,80,80,1,TRUE,FALSE,TRUE,Retained in 2026 only
7482,NA,NA,NA,FALSE,65,80,0.8125,TRUE,FALSE,TRUE,Retained in 2026 only
7483,NA,NA,NA,FALSE,77,80,0.9625,TRUE,FALSE,TRUE,Retained in 2026 only
7484,NA,NA,NA,FALSE,80,80,1,TRUE,FALSE,TRUE,Retained in 2026 only
7485,NA,NA,NA,FALSE,72,80,0.9,TRUE,FALSE,TRUE,Retained in 2026 only
7486,NA,NA,NA,FALSE,77,80,0.9625,TRUE,FALSE,TRUE,Retained in 2026 only
7487,NA,NA,NA,FALSE,80,80,1,TRUE,FALSE,TRUE,Retained in 2026 only
7488,NA,NA,NA,FALSE,80,80,1,TRUE,FALSE,TRUE,Retained in 2026 only
7489,NA,NA,NA,FALSE,80,80,1,TRUE,FALSE,TRUE,Retained in 2026 only
7491,NA,NA,NA,FALSE,80,80,1,TRUE,FALSE,TRUE,Retained in 2026 only
7492,NA,NA,NA,FALSE,76,80,0.95,TRUE,FALSE,TRUE,Retained in 2026 only
7493,NA,NA,NA,FALSE,80,80,1,TRUE,FALSE,TRUE,Retained in 2026 only
7494,NA,NA,NA,FALSE,80,80,1,TRUE,FALSE,TRUE,Retained in 2026 only
7495,NA,NA,NA,FALSE,80,80,1,TRUE,FALSE,TRUE,Retained in 2026 only
7496,NA,NA,NA,FALSE,76,80,0.95,TRUE,FALSE,TRUE,Retained in 2026 only
7497,NA,NA,NA,FALSE,80,80,1,TRUE,FALSE,TRUE,Retained in 2026 only
7498,NA,NA,NA,FALSE,80,80,1,TRUE,FALSE,TRUE,Retained in 2026 only
7499,NA,NA,NA,FALSE,80,80,1,TRUE,FALSE,TRUE,Retained in 2026 only
7500,NA,NA,NA,FALSE,74,80,0.925,TRUE,FALSE,TRUE,Retained in 2026 only
7501,NA,NA,NA,FALSE,80,80,1,TRUE,FALSE,TRUE,Retained in 2026 only
7502,NA,NA,NA,FALSE,80,80,1,TRUE,FALSE,TRUE,Retained in 2026 only
7503,NA,NA,NA,FALSE,79,80,0.9875,TRUE,FALSE,TRUE,Retained in 2026 only
7504,NA,NA,NA,FALSE,71,80,0.8875,TRUE,FALSE,TRUE,Retained in 2026 only
7505,NA,NA,NA,FALSE,76,80,0.95,TRUE,FALSE,TRUE,Retained in 2026 only
7507,NA,NA,NA,FALSE,80,80,1,TRUE,FALSE,TRUE,Retained in 2026 only
7508,NA,NA,NA,FALSE,79,80,0.9875,TRUE,FALSE,TRUE,Retained in 2026 only
7509,NA,NA,NA,FALSE,80,80,1,TRUE,FALSE,TRUE,Retained in 2026 only
7510,NA,NA,NA,FALSE,77,80,0.9625,TRUE,FALSE,TRUE,Retained in 2026 only
7511,NA,NA,NA,FALSE,80,80,1,TRUE,FALSE,TRUE,Retained in 2026 only
7512,NA,NA,NA,FALSE,80,80,1,TRUE,FALSE,TRUE,Retained in 2026 only
7513,NA,NA,NA,FALSE,80,80,1,TRUE,FALSE,TRUE,Retained in 2026 only
7514,NA,NA,NA,FALSE,79,80,0.9875,TRUE,FALSE,TRUE,Retained in 2026 only
7519,NA,NA,NA,FALSE,79,80,0.9875,TRUE,FALSE,TRUE,Retained in 2026 only
7520,NA,NA,NA,FALSE,79,80,0.9875,TRUE,FALSE,TRUE,Retained in 2026 only
7521,NA,NA,NA,FALSE,80,80,1,TRUE,FALSE,TRUE,Retained in 2026 only
7522,NA,NA,NA,FALSE,80,80,1,TRUE,FALSE,TRUE,Retained in 2026 only
7523,NA,NA,NA,FALSE,80,80,1,TRUE,FALSE,TRUE,Retained in 2026 only
7524,NA,NA,NA,FALSE,67,80,0.8375,TRUE,FALSE,TRUE,Retained in 2026 only
7526,NA,NA,NA,FALSE,70,80,0.875,TRUE,FALSE,TRUE,Retained in 2026 only
7527,NA,NA,NA,FALSE,73,80,0.9125,TRUE,FALSE,TRUE,Retained in 2026 only
7528,NA,NA,NA,FALSE,75,80,0.9375,TRUE,FALSE,TRUE,Retained in 2026 only
7529,NA,NA,NA,FALSE,80,80,1,TRUE,FALSE,TRUE,Retained in 2026 only
7533,NA,NA,NA,FALSE,80,80,1,TRUE,FALSE,TRUE,Retained in 2026 only
7535,NA,NA,NA,FALSE,80,80,1,TRUE,FALSE,TRUE,Retained in 2026 only
7537,NA,NA,NA,FALSE,77,80,0.9625,TRUE,FALSE,TRUE,Retained in 2026 only
7538,NA,NA,NA,FALSE,77,80,0.9625,TRUE,FALSE,TRUE,Retained in 2026 only
7539,NA,NA,NA,FALSE,80,80,1,TRUE,FALSE,TRUE,Retained in 2026 only
7540,NA,NA,NA,FALSE,80,80,1,TRUE,FALSE,TRUE,Retained in 2026 only
7541,NA,NA,NA,FALSE,74,80,0.925,TRUE,FALSE,TRUE,Retained in 2026 only
7542,NA,NA,NA,FALSE,77,80,0.9625,TRUE,FALSE,TRUE,Retained in 2026 only
7543,NA,NA,NA,FALSE,80,80,1,TRUE,FALSE,TRUE,Retained in 2026 only
7544,NA,NA,NA,FALSE,73,80,0.9125,TRUE,FALSE,TRUE,Retained in 2026 only
7545,NA,NA,NA,FALSE,71,80,0.8875,TRUE,FALSE,TRUE,Retained in 2026 only
7547,NA,NA,NA,FALSE,65,80,0.8125,TRUE,FALSE,TRUE,Retained in 2026 only
7548,NA,NA,NA,FALSE,79,80,0.9875,TRUE,FALSE,TRUE,Retained in 2026 only
7549,NA,NA,NA,FALSE,72,80,0.9,TRUE,FALSE,TRUE,Retained in 2026 only
7551,NA,NA,NA,FALSE,80,80,1,TRUE,FALSE,TRUE,Retained in 2026 only
7552,NA,NA,NA,FALSE,80,80,1,TRUE,FALSE,TRUE,Retained in 2026 only
7553,NA,NA,NA,FALSE,72,80,0.9,TRUE,FALSE,TRUE,Retained in 2026 only
7554,NA,NA,NA,FALSE,67,80,0.8375,TRUE,FALSE,TRUE,Retained in 2026 only
7555,NA,NA,NA,FALSE,79,80,0.9875,TRUE,FALSE,TRUE,Retained in 2026 only
7556,NA,NA,NA,FALSE,80,80,1,TRUE,FALSE,TRUE,Retained in 2026 only
7557,NA,NA,NA,FALSE,76,80,0.95,TRUE,FALSE,TRUE,Retained in 2026 only
7558,NA,NA,NA,FALSE,77,80,0.9625,TRUE,FALSE,TRUE,Retained in 2026 only
7560,NA,NA,NA,FALSE,77,80,0.9625,TRUE,FALSE,TRUE,Retained in 2026 only
7561,NA,NA,NA,FALSE,77,80,0.9625,TRUE,FALSE,TRUE,Retained in 2026 only
7564,NA,NA,NA,FALSE,76,80,0.95,TRUE,FALSE,TRUE,Retained in 2026 only
7565,NA,NA,NA,FALSE,75,80,0.9375,TRUE,FALSE,TRUE,Retained in 2026 only
7567,NA,NA,NA,FALSE,80,80,1,TRUE,FALSE,TRUE,Retained in 2026 only
7568,NA,NA,NA,FALSE,72,80,0.9,TRUE,FALSE,TRUE,Retained in 2026 only
7569,NA,NA,NA,FALSE,75,80,0.9375,TRUE,FALSE,TRUE,Retained in 2026 only
7570,NA,NA,NA,FALSE,73,80,0.9125,TRUE,FALSE,TRUE,Retained in 2026 only
7572,NA,NA,NA,FALSE,80,80,1,TRUE,FALSE,TRUE,Retained in 2026 only
7573,NA,NA,NA,FALSE,76,80,0.95,TRUE,FALSE,TRUE,Retained in 2026 only
7574,NA,NA,NA,FALSE,80,80,1,TRUE,FALSE,TRUE,Retained in 2026 only
7576,NA,NA,NA,FALSE,77,80,0.9625,TRUE,FALSE,TRUE,Retained in 2026 only
7577,NA,NA,NA,FALSE,70,80,0.875,TRUE,FALSE,TRUE,Retained in 2026 only
7578,NA,NA,NA,FALSE,77,80,0.9625,TRUE,FALSE,TRUE,Retained in 2026 only
7579,NA,NA,NA,FALSE,77,80,0.9625,TRUE,FALSE,TRUE,Retained in 2026 only
7580,NA,NA,NA,FALSE,75,80,0.9375,TRUE,FALSE,TRUE,Retained in 2026 only
7581,NA,NA,NA,FALSE,80,80,1,TRUE,FALSE,TRUE,Retained in 2026 only
7582,NA,NA,NA,FALSE,79,80,0.9875,TRUE,FALSE,TRUE,Retained in 2026 only
7583,NA,NA,NA,FALSE,80,80,1,TRUE,FALSE,TRUE,Retained in 2026 only
7584,NA,NA,NA,FALSE,80,80,1,TRUE,FALSE,TRUE,Retained in 2026 only
7585,NA,NA,NA,FALSE,80,80,1,TRUE,FALSE,TRUE,Retained in 2026 only
7586,NA,NA,NA,FALSE,77,80,0.9625,TRUE,FALSE,TRUE,Retained in 2026 only
7587,NA,NA,NA,FALSE,72,80,0.9,TRUE,FALSE,TRUE,Retained in 2026 only
7588,NA,NA,NA,FALSE,66,80,0.825,TRUE,FALSE,TRUE,Retained in 2026 only
7589,NA,NA,NA,FALSE,71,80,0.8875,TRUE,FALSE,TRUE,Retained in 2026 only
7590,NA,NA,NA,FALSE,80,80,1,TRUE,FALSE,TRUE,Retained in 2026 only
7591,NA,NA,NA,FALSE,80,80,1,TRUE,FALSE,TRUE,Retained in 2026 only
7593,NA,NA,NA,FALSE,80,80,1,TRUE,FALSE,TRUE,Retained in 2026 only
7594,NA,NA,NA,FALSE,73,80,0.9125,TRUE,FALSE,TRUE,Retained in 2026 only
7595,NA,NA,NA,FALSE,76,80,0.95,TRUE,FALSE,TRUE,Retained in 2026 only
7596,NA,NA,NA,FALSE,72,80,0.9,TRUE,FALSE,TRUE,Retained in 2026 only
7597,NA,NA,NA,FALSE,76,80,0.95,TRUE,FALSE,TRUE,Retained in 2026 only
7598,NA,NA,NA,FALSE,80,80,1,TRUE,FALSE,TRUE,Retained in 2026 only
7599,NA,NA,NA,FALSE,79,80,0.9875,TRUE,FALSE,TRUE,Retained in 2026 only
7600,NA,NA,NA,FALSE,77,80,0.9625,TRUE,FALSE,TRUE,Retained in 2026 only
7601,NA,NA,NA,FALSE,80,80,1,TRUE,FALSE,TRUE,Retained in 2026 only
7602,NA,NA,NA,FALSE,80,80,1,TRUE,FALSE,TRUE,Retained in 2026 only
7603,NA,NA,NA,FALSE,80,80,1,TRUE,FALSE,TRUE,Retained in 2026 only
7604,NA,NA,NA,FALSE,80,80,1,TRUE,FALSE,TRUE,Retained in 2026 only
7605,NA,NA,NA,FALSE,72,80,0.9,TRUE,FALSE,TRUE,Retained in 2026 only
7607,NA,NA,NA,FALSE,68,80,0.85,TRUE,FALSE,TRUE,Retained in 2026 only
7608,NA,NA,NA,FALSE,75,80,0.9375,TRUE,FALSE,TRUE,Retained in 2026 only
7609,NA,NA,NA,FALSE,75,80,0.9375,TRUE,FALSE,TRUE,Retained in 2026 only
7610,NA,NA,NA,FALSE,77,80,0.9625,TRUE,FALSE,TRUE,Retained in 2026 only
7611,NA,NA,NA,FALSE,71,80,0.8875,TRUE,FALSE,TRUE,Retained in 2026 only
7612,NA,NA,NA,FALSE,80,80,1,TRUE,FALSE,TRUE,Retained in 2026 only
7614,NA,NA,NA,FALSE,80,80,1,TRUE,FALSE,TRUE,Retained in 2026 only
7616,NA,NA,NA,FALSE,80,80,1,TRUE,FALSE,TRUE,Retained in 2026 only
7617,NA,NA,NA,FALSE,72,80,0.9,TRUE,FALSE,TRUE,Retained in 2026 only
7618,NA,NA,NA,FALSE,69,80,0.8625,TRUE,FALSE,TRUE,Retained in 2026 only
7619,NA,NA,NA,FALSE,80,80,1,TRUE,FALSE,TRUE,Retained in 2026 only
7622,NA,NA,NA,FALSE,73,80,0.9125,TRUE,FALSE,TRUE,Retained in 2026 only
7623,NA,NA,NA,FALSE,76,80,0.95,TRUE,FALSE,TRUE,Retained in 2026 only
7624,NA,NA,NA,FALSE,78,80,0.975,TRUE,FALSE,TRUE,Retained in 2026 only
7625,NA,NA,NA,FALSE,80,80,1,TRUE,FALSE,TRUE,Retained in 2026 only
7626,NA,NA,NA,FALSE,79,80,0.9875,TRUE,FALSE,TRUE,Retained in 2026 only
7627,NA,NA,NA,FALSE,80,80,1,TRUE,FALSE,TRUE,Retained in 2026 only
7628,NA,NA,NA,FALSE,75,80,0.9375,TRUE,FALSE,TRUE,Retained in 2026 only
7629,NA,NA,NA,FALSE,75,80,0.9375,TRUE,FALSE,TRUE,Retained in 2026 only
7630,NA,NA,NA,FALSE,73,80,0.9125,TRUE,FALSE,TRUE,Retained in 2026 only
7631,NA,NA,NA,FALSE,73,80,0.9125,TRUE,FALSE,TRUE,Retained in 2026 only
7633,NA,NA,NA,FALSE,72,80,0.9,TRUE,FALSE,TRUE,Retained in 2026 only
7635,NA,NA,NA,FALSE,80,80,1,TRUE,FALSE,TRUE,Retained in 2026 only
7636,NA,NA,NA,FALSE,75,80,0.9375,TRUE,FALSE,TRUE,Retained in 2026 only
7637,NA,NA,NA,FALSE,80,80,1,TRUE,FALSE,TRUE,Retained in 2026 only
7638,NA,NA,NA,FALSE,76,80,0.95,TRUE,FALSE,TRUE,Retained in 2026 only
7639,NA,NA,NA,FALSE,75,80,0.9375,TRUE,FALSE,TRUE,Retained in 2026 only
7640,NA,NA,NA,FALSE,76,80,0.95,TRUE,FALSE,TRUE,Retained in 2026 only
7641,NA,NA,NA,FALSE,79,80,0.9875,TRUE,FALSE,TRUE,Retained in 2026 only
7642,NA,NA,NA,FALSE,77,80,0.9625,TRUE,FALSE,TRUE,Retained in 2026 only
7643,NA,NA,NA,FALSE,80,80,1,TRUE,FALSE,TRUE,Retained in 2026 only
7646,NA,NA,NA,FALSE,72,80,0.9,TRUE,FALSE,TRUE,Retained in 2026 only
7647,NA,NA,NA,FALSE,80,80,1,TRUE,FALSE,TRUE,Retained in 2026 only
7649,NA,NA,NA,FALSE,80,80,1,TRUE,FALSE,TRUE,Retained in 2026 only
7650,NA,NA,NA,FALSE,75,80,0.9375,TRUE,FALSE,TRUE,Retained in 2026 only
7652,NA,NA,NA,FALSE,75,80,0.9375,TRUE,FALSE,TRUE,Retained in 2026 only
7654,NA,NA,NA,FALSE,80,80,1,TRUE,FALSE,TRUE,Retained in 2026 only
7655,NA,NA,NA,FALSE,70,80,0.875,TRUE,FALSE,TRUE,Retained in 2026 only
7656,NA,NA,NA,FALSE,80,80,1,TRUE,FALSE,TRUE,Retained in 2026 only
7657,NA,NA,NA,FALSE,77,80,0.9625,TRUE,FALSE,TRUE,Retained in 2026 only
7658,NA,NA,NA,FALSE,74,80,0.925,TRUE,FALSE,TRUE,Retained in 2026 only
7659,NA,NA,NA,FALSE,76,80,0.95,TRUE,FALSE,TRUE,Retained in 2026 only
7660,NA,NA,NA,FALSE,77,80,0.9625,TRUE,FALSE,TRUE,Retained in 2026 only
7661,NA,NA,NA,FALSE,77,80,0.9625,TRUE,FALSE,TRUE,Retained in 2026 only
7662,NA,NA,NA,FALSE,70,80,0.875,TRUE,FALSE,TRUE,Retained in 2026 only
7663,NA,NA,NA,FALSE,70,80,0.875,TRUE,FALSE,TRUE,Retained in 2026 only
7664,NA,NA,NA,FALSE,80,80,1,TRUE,FALSE,TRUE,Retained in 2026 only
7665,NA,NA,NA,FALSE,74,80,0.925,TRUE,FALSE,TRUE,Retained in 2026 only
7666,NA,NA,NA,FALSE,72,80,0.9,TRUE,FALSE,TRUE,Retained in 2026 only
7667,NA,NA,NA,FALSE,80,80,1,TRUE,FALSE,TRUE,Retained in 2026 only
7668,NA,NA,NA,FALSE,80,80,1,TRUE,FALSE,TRUE,Retained in 2026 only
7669,NA,NA,NA,FALSE,80,80,1,TRUE,FALSE,TRUE,Retained in 2026 only
7671,NA,NA,NA,FALSE,80,80,1,TRUE,FALSE,TRUE,Retained in 2026 only
7672,NA,NA,NA,FALSE,79,80,0.9875,TRUE,FALSE,TRUE,Retained in 2026 only
7673,NA,NA,NA,FALSE,76,80,0.95,TRUE,FALSE,TRUE,Retained in 2026 only
7674,NA,NA,NA,FALSE,77,80,0.9625,TRUE,FALSE,TRUE,Retained in 2026 only
7675,NA,NA,NA,FALSE,65,80,0.8125,TRUE,FALSE,TRUE,Retained in 2026 only
7676,NA,NA,NA,FALSE,80,80,1,TRUE,FALSE,TRUE,Retained in 2026 only
7677,NA,NA,NA,FALSE,80,80,1,TRUE,FALSE,TRUE,Retained in 2026 only
7678,NA,NA,NA,FALSE,79,80,0.9875,TRUE,FALSE,TRUE,Retained in 2026 only
7679,NA,NA,NA,FALSE,72,80,0.9,TRUE,FALSE,TRUE,Retained in 2026 only
7680,NA,NA,NA,FALSE,80,80,1,TRUE,FALSE,TRUE,Retained in 2026 only
7681,NA,NA,NA,FALSE,80,80,1,TRUE,FALSE,TRUE,Retained in 2026 only
7682,NA,NA,NA,FALSE,80,80,1,TRUE,FALSE,TRUE,Retained in 2026 only
7683,NA,NA,NA,FALSE,80,80,1,TRUE,FALSE,TRUE,Retained in 2026 only
7684,NA,NA,NA,FALSE,72,80,0.9,TRUE,FALSE,TRUE,Retained in 2026 only
7685,NA,NA,NA,FALSE,80,80,1,TRUE,FALSE,TRUE,Retained in 2026 only
7687,NA,NA,NA,FALSE,79,80,0.9875,TRUE,FALSE,TRUE,Retained in 2026 only
7688,NA,NA,NA,FALSE,80,80,1,TRUE,FALSE,TRUE,Retained in 2026 only
7689,NA,NA,NA,FALSE,67,80,0.8375,TRUE,FALSE,TRUE,Retained in 2026 only
7690,NA,NA,NA,FALSE,80,80,1,TRUE,FALSE,TRUE,Retained in 2026 only
7691,NA,NA,NA,FALSE,80,80,1,TRUE,FALSE,TRUE,Retained in 2026 only
7692,NA,NA,NA,FALSE,79,80,0.9875,TRUE,FALSE,TRUE,Retained in 2026 only
7693,NA,NA,NA,FALSE,80,80,1,TRUE,FALSE,TRUE,Retained in 2026 only
7694,NA,NA,NA,FALSE,77,80,0.9625,TRUE,FALSE,TRUE,Retained in 2026 only
7695,NA,NA,NA,FALSE,78,80,0.975,TRUE,FALSE,TRUE,Retained in 2026 only
7696,NA,NA,NA,FALSE,77,80,0.9625,TRUE,FALSE,TRUE,Retained in 2026 only
7698,NA,NA,NA,FALSE,72,80,0.9,TRUE,FALSE,TRUE,Retained in 2026 only
7699,NA,NA,NA,FALSE,71,80,0.8875,TRUE,FALSE,TRUE,Retained in 2026 only
7700,NA,NA,NA,FALSE,71,80,0.8875,TRUE,FALSE,TRUE,Retained in 2026 only
7701,NA,NA,NA,FALSE,69,80,0.8625,TRUE,FALSE,TRUE,Retained in 2026 only
7702,NA,NA,NA,FALSE,67,80,0.8375,TRUE,FALSE,TRUE,Retained in 2026 only
6251,29,29,1,TRUE,80,80,1,TRUE,TRUE,TRUE,Retained in both
6307,29,29,1,TRUE,80,80,1,TRUE,TRUE,TRUE,Retained in both
6313,29,29,1,TRUE,80,80,1,TRUE,TRUE,TRUE,Retained in both
6316,29,29,1,TRUE,80,80,1,TRUE,TRUE,TRUE,Retained in both
6317,29,29,1,TRUE,80,80,1,TRUE,TRUE,TRUE,Retained in both
6320,29,29,1,TRUE,73,80,0.9125,TRUE,TRUE,TRUE,Retained in both
6323,29,29,1,TRUE,80,80,1,TRUE,TRUE,TRUE,Retained in both
6324,29,29,1,TRUE,76,80,0.95,TRUE,TRUE,TRUE,Retained in both
6325,29,29,1,TRUE,80,80,1,TRUE,TRUE,TRUE,Retained in both
6327,29,29,1,TRUE,80,80,1,TRUE,TRUE,TRUE,Retained in both
6328,29,29,1,TRUE,80,80,1,TRUE,TRUE,TRUE,Retained in both
6329,29,29,1,TRUE,80,80,1,TRUE,TRUE,TRUE,Retained in both
6330,29,29,1,TRUE,80,80,1,TRUE,TRUE,TRUE,Retained in both
6331,29,29,1,TRUE,80,80,1,TRUE,TRUE,TRUE,Retained in both
6332,29,29,1,TRUE,80,80,1,TRUE,TRUE,TRUE,Retained in both
6333,29,29,1,TRUE,80,80,1,TRUE,TRUE,TRUE,Retained in both
6334,29,29,1,TRUE,80,80,1,TRUE,TRUE,TRUE,Retained in both
6335,29,29,1,TRUE,71,80,0.8875,TRUE,TRUE,TRUE,Retained in both
6336,29,29,1,TRUE,80,80,1,TRUE,TRUE,TRUE,Retained in both
6346,29,29,1,TRUE,80,80,1,TRUE,TRUE,TRUE,Retained in both
6348,29,29,1,TRUE,80,80,1,TRUE,TRUE,TRUE,Retained in both
6349,29,29,1,TRUE,73,80,0.9125,TRUE,TRUE,TRUE,Retained in both
6350,29,29,1,TRUE,80,80,1,TRUE,TRUE,TRUE,Retained in both
6351,29,29,1,TRUE,75,80,0.9375,TRUE,TRUE,TRUE,Retained in both
6352,29,29,1,TRUE,80,80,1,TRUE,TRUE,TRUE,Retained in both
6358,29,29,1,TRUE,70,80,0.875,TRUE,TRUE,TRUE,Retained in both
6360,29,29,1,TRUE,80,80,1,TRUE,TRUE,TRUE,Retained in both
6363,29,29,1,TRUE,80,80,1,TRUE,TRUE,TRUE,Retained in both
6364,29,29,1,TRUE,77,80,0.9625,TRUE,TRUE,TRUE,Retained in both
6366,29,29,1,TRUE,76,80,0.95,TRUE,TRUE,TRUE,Retained in both
6370,29,29,1,TRUE,77,80,0.9625,TRUE,TRUE,TRUE,Retained in both
6372,26,29,0.896551724137931,TRUE,80,80,1,TRUE,TRUE,TRUE,Retained in both
6373,29,29,1,TRUE,80,80,1,TRUE,TRUE,TRUE,Retained in both
6374,29,29,1,TRUE,80,80,1,TRUE,TRUE,TRUE,Retained in both
6379,29,29,1,TRUE,80,80,1,TRUE,TRUE,TRUE,Retained in both
6382,29,29,1,TRUE,80,80,1,TRUE,TRUE,TRUE,Retained in both
6385,29,29,1,TRUE,80,80,1,TRUE,TRUE,TRUE,Retained in both
6387,29,29,1,TRUE,80,80,1,TRUE,TRUE,TRUE,Retained in both
6389,29,29,1,TRUE,80,80,1,TRUE,TRUE,TRUE,Retained in both
6390,29,29,1,TRUE,80,80,1,TRUE,TRUE,TRUE,Retained in both
6392,29,29,1,TRUE,76,80,0.95,TRUE,TRUE,TRUE,Retained in both
6393,29,29,1,TRUE,72,80,0.9,TRUE,TRUE,TRUE,Retained in both
6396,29,29,1,TRUE,80,80,1,TRUE,TRUE,TRUE,Retained in both
6398,29,29,1,TRUE,73,80,0.9125,TRUE,TRUE,TRUE,Retained in both
6400,29,29,1,TRUE,70,80,0.875,TRUE,TRUE,TRUE,Retained in both
6402,29,29,1,TRUE,76,80,0.95,TRUE,TRUE,TRUE,Retained in both
6407,29,29,1,TRUE,72,80,0.9,TRUE,TRUE,TRUE,Retained in both
6408,29,29,1,TRUE,80,80,1,TRUE,TRUE,TRUE,Retained in both
6410,29,29,1,TRUE,75,80,0.9375,TRUE,TRUE,TRUE,Retained in both
6411,29,29,1,TRUE,74,80,0.925,TRUE,TRUE,TRUE,Retained in both
6413,29,29,1,TRUE,80,80,1,TRUE,TRUE,TRUE,Retained in both
6414,29,29,1,TRUE,72,80,0.9,TRUE,TRUE,TRUE,Retained in both
6417,29,29,1,TRUE,76,80,0.95,TRUE,TRUE,TRUE,Retained in both
6420,29,29,1,TRUE,71,80,0.8875,TRUE,TRUE,TRUE,Retained in both
6423,29,29,1,TRUE,80,80,1,TRUE,TRUE,TRUE,Retained in both
6424,29,29,1,TRUE,80,80,1,TRUE,TRUE,TRUE,Retained in both
6425,29,29,1,TRUE,76,80,0.95,TRUE,TRUE,TRUE,Retained in both
6426,29,29,1,TRUE,80,80,1,TRUE,TRUE,TRUE,Retained in both
6427,29,29,1,TRUE,77,80,0.9625,TRUE,TRUE,TRUE,Retained in both
6428,29,29,1,TRUE,77,80,0.9625,TRUE,TRUE,TRUE,Retained in both
6429,29,29,1,TRUE,77,80,0.9625,TRUE,TRUE,TRUE,Retained in both
6431,29,29,1,TRUE,72,80,0.9,TRUE,TRUE,TRUE,Retained in both
6432,29,29,1,TRUE,80,80,1,TRUE,TRUE,TRUE,Retained in both
6434,29,29,1,TRUE,79,80,0.9875,TRUE,TRUE,TRUE,Retained in both
6435,29,29,1,TRUE,80,80,1,TRUE,TRUE,TRUE,Retained in both
6436,29,29,1,TRUE,78,80,0.975,TRUE,TRUE,TRUE,Retained in both
6437,29,29,1,TRUE,72,80,0.9,TRUE,TRUE,TRUE,Retained in both
6438,29,29,1,TRUE,79,80,0.9875,TRUE,TRUE,TRUE,Retained in both
6439,29,29,1,TRUE,75,80,0.9375,TRUE,TRUE,TRUE,Retained in both
6441,29,29,1,TRUE,80,80,1,TRUE,TRUE,TRUE,Retained in both
6443,29,29,1,TRUE,80,80,1,TRUE,TRUE,TRUE,Retained in both
6446,29,29,1,TRUE,80,80,1,TRUE,TRUE,TRUE,Retained in both
6447,29,29,1,TRUE,80,80,1,TRUE,TRUE,TRUE,Retained in both
6450,29,29,1,TRUE,80,80,1,TRUE,TRUE,TRUE,Retained in both
6451,29,29,1,TRUE,75,80,0.9375,TRUE,TRUE,TRUE,Retained in both
6452,29,29,1,TRUE,75,80,0.9375,TRUE,TRUE,TRUE,Retained in both
6453,29,29,1,TRUE,76,80,0.95,TRUE,TRUE,TRUE,Retained in both
6454,29,29,1,TRUE,79,80,0.9875,TRUE,TRUE,TRUE,Retained in both
6455,29,29,1,TRUE,75,80,0.9375,TRUE,TRUE,TRUE,Retained in both
6456,29,29,1,TRUE,77,80,0.9625,TRUE,TRUE,TRUE,Retained in both
6475,29,29,1,TRUE,76,80,0.95,TRUE,TRUE,TRUE,Retained in both
6476,29,29,1,TRUE,80,80,1,TRUE,TRUE,TRUE,Retained in both
6477,29,29,1,TRUE,76,80,0.95,TRUE,TRUE,TRUE,Retained in both
6480,29,29,1,TRUE,80,80,1,TRUE,TRUE,TRUE,Retained in both
6482,29,29,1,TRUE,80,80,1,TRUE,TRUE,TRUE,Retained in both
6485,29,29,1,TRUE,73,80,0.9125,TRUE,TRUE,TRUE,Retained in both
6487,29,29,1,TRUE,80,80,1,TRUE,TRUE,TRUE,Retained in both
6488,29,29,1,TRUE,76,80,0.95,TRUE,TRUE,TRUE,Retained in both
6490,29,29,1,TRUE,76,80,0.95,TRUE,TRUE,TRUE,Retained in both
6493,29,29,1,TRUE,79,80,0.9875,TRUE,TRUE,TRUE,Retained in both
6494,29,29,1,TRUE,80,80,1,TRUE,TRUE,TRUE,Retained in both
6496,29,29,1,TRUE,80,80,1,TRUE,TRUE,TRUE,Retained in both
6498,29,29,1,TRUE,76,80,0.95,TRUE,TRUE,TRUE,Retained in both
6503,29,29,1,TRUE,77,80,0.9625,TRUE,TRUE,TRUE,Retained in both
6505,29,29,1,TRUE,76,80,0.95,TRUE,TRUE,TRUE,Retained in both
6506,29,29,1,TRUE,80,80,1,TRUE,TRUE,TRUE,Retained in both
6507,29,29,1,TRUE,80,80,1,TRUE,TRUE,TRUE,Retained in both
6509,29,29,1,TRUE,80,80,1,TRUE,TRUE,TRUE,Retained in both
6511,29,29,1,TRUE,80,80,1,TRUE,TRUE,TRUE,Retained in both
6512,29,29,1,TRUE,80,80,1,TRUE,TRUE,TRUE,Retained in both
6514,29,29,1,TRUE,80,80,1,TRUE,TRUE,TRUE,Retained in both
6515,29,29,1,TRUE,80,80,1,TRUE,TRUE,TRUE,Retained in both
6516,29,29,1,TRUE,80,80,1,TRUE,TRUE,TRUE,Retained in both
6518,29,29,1,TRUE,80,80,1,TRUE,TRUE,TRUE,Retained in both
6520,29,29,1,TRUE,80,80,1,TRUE,TRUE,TRUE,Retained in both
6522,29,29,1,TRUE,79,80,0.9875,TRUE,TRUE,TRUE,Retained in both
6523,29,29,1,TRUE,80,80,1,TRUE,TRUE,TRUE,Retained in both
6524,29,29,1,TRUE,72,80,0.9,TRUE,TRUE,TRUE,Retained in both
6525,29,29,1,TRUE,77,80,0.9625,TRUE,TRUE,TRUE,Retained in both
6526,29,29,1,TRUE,70,80,0.875,TRUE,TRUE,TRUE,Retained in both
6533,29,29,1,TRUE,71,80,0.8875,TRUE,TRUE,TRUE,Retained in both
6534,29,29,1,TRUE,80,80,1,TRUE,TRUE,TRUE,Retained in both
6535,29,29,1,TRUE,80,80,1,TRUE,TRUE,TRUE,Retained in both
6538,29,29,1,TRUE,71,80,0.8875,TRUE,TRUE,TRUE,Retained in both
6540,29,29,1,TRUE,80,80,1,TRUE,TRUE,TRUE,Retained in both
6541,29,29,1,TRUE,74,80,0.925,TRUE,TRUE,TRUE,Retained in both
6544,29,29,1,TRUE,80,80,1,TRUE,TRUE,TRUE,Retained in both
6545,29,29,1,TRUE,80,80,1,TRUE,TRUE,TRUE,Retained in both
6546,29,29,1,TRUE,75,80,0.9375,TRUE,TRUE,TRUE,Retained in both
6547,29,29,1,TRUE,80,80,1,TRUE,TRUE,TRUE,Retained in both
6548,29,29,1,TRUE,80,80,1,TRUE,TRUE,TRUE,Retained in both
6550,29,29,1,TRUE,80,80,1,TRUE,TRUE,TRUE,Retained in both
6552,29,29,1,TRUE,80,80,1,TRUE,TRUE,TRUE,Retained in both
6553,29,29,1,TRUE,76,80,0.95,TRUE,TRUE,TRUE,Retained in both
6554,29,29,1,TRUE,72,80,0.9,TRUE,TRUE,TRUE,Retained in both
6559,29,29,1,TRUE,80,80,1,TRUE,TRUE,TRUE,Retained in both
6561,29,29,1,TRUE,79,80,0.9875,TRUE,TRUE,TRUE,Retained in both
6562,29,29,1,TRUE,80,80,1,TRUE,TRUE,TRUE,Retained in both
6563,29,29,1,TRUE,78,80,0.975,TRUE,TRUE,TRUE,Retained in both
6564,29,29,1,TRUE,80,80,1,TRUE,TRUE,TRUE,Retained in both
6565,29,29,1,TRUE,77,80,0.9625,TRUE,TRUE,TRUE,Retained in both
6567,29,29,1,TRUE,80,80,1,TRUE,TRUE,TRUE,Retained in both
6568,29,29,1,TRUE,80,80,1,TRUE,TRUE,TRUE,Retained in both
6569,29,29,1,TRUE,76,80,0.95,TRUE,TRUE,TRUE,Retained in both
6571,29,29,1,TRUE,80,80,1,TRUE,TRUE,TRUE,Retained in both
6574,29,29,1,TRUE,72,80,0.9,TRUE,TRUE,TRUE,Retained in both
6576,29,29,1,TRUE,80,80,1,TRUE,TRUE,TRUE,Retained in both
6577,29,29,1,TRUE,80,80,1,TRUE,TRUE,TRUE,Retained in both
6580,29,29,1,TRUE,77,80,0.9625,TRUE,TRUE,TRUE,Retained in both
6581,29,29,1,TRUE,80,80,1,TRUE,TRUE,TRUE,Retained in both
6583,29,29,1,TRUE,72,80,0.9,TRUE,TRUE,TRUE,Retained in both
6585,29,29,1,TRUE,76,80,0.95,TRUE,TRUE,TRUE,Retained in both
6586,29,29,1,TRUE,77,80,0.9625,TRUE,TRUE,TRUE,Retained in both
6588,29,29,1,TRUE,76,80,0.95,TRUE,TRUE,TRUE,Retained in both
6590,29,29,1,TRUE,77,80,0.9625,TRUE,TRUE,TRUE,Retained in both
6594,29,29,1,TRUE,76,80,0.95,TRUE,TRUE,TRUE,Retained in both
6597,29,29,1,TRUE,77,80,0.9625,TRUE,TRUE,TRUE,Retained in both
6598,29,29,1,TRUE,76,80,0.95,TRUE,TRUE,TRUE,Retained in both
6599,29,29,1,TRUE,75,80,0.9375,TRUE,TRUE,TRUE,Retained in both
6601,29,29,1,TRUE,80,80,1,TRUE,TRUE,TRUE,Retained in both
6602,29,29,1,TRUE,76,80,0.95,TRUE,TRUE,TRUE,Retained in both
6604,29,29,1,TRUE,80,80,1,TRUE,TRUE,TRUE,Retained in both
6609,29,29,1,TRUE,80,80,1,TRUE,TRUE,TRUE,Retained in both
6616,29,29,1,TRUE,76,80,0.95,TRUE,TRUE,TRUE,Retained in both
6618,29,29,1,TRUE,80,80,1,TRUE,TRUE,TRUE,Retained in both
6619,29,29,1,TRUE,70,80,0.875,TRUE,TRUE,TRUE,Retained in both
6624,29,29,1,TRUE,71,80,0.8875,TRUE,TRUE,TRUE,Retained in both
6626,29,29,1,TRUE,80,80,1,TRUE,TRUE,TRUE,Retained in both
6629,29,29,1,TRUE,76,80,0.95,TRUE,TRUE,TRUE,Retained in both
6630,29,29,1,TRUE,80,80,1,TRUE,TRUE,TRUE,Retained in both
6631,29,29,1,TRUE,77,80,0.9625,TRUE,TRUE,TRUE,Retained in both
6632,29,29,1,TRUE,80,80,1,TRUE,TRUE,TRUE,Retained in both
6633,29,29,1,TRUE,76,80,0.95,TRUE,TRUE,TRUE,Retained in both
6634,29,29,1,TRUE,79,80,0.9875,TRUE,TRUE,TRUE,Retained in both
6635,29,29,1,TRUE,80,80,1,TRUE,TRUE,TRUE,Retained in both
6636,29,29,1,TRUE,78,80,0.975,TRUE,TRUE,TRUE,Retained in both
6639,29,29,1,TRUE,80,80,1,TRUE,TRUE,TRUE,Retained in both
6641,29,29,1,TRUE,72,80,0.9,TRUE,TRUE,TRUE,Retained in both
6642,29,29,1,TRUE,64,80,0.8,TRUE,TRUE,TRUE,Retained in both
6643,29,29,1,TRUE,79,80,0.9875,TRUE,TRUE,TRUE,Retained in both
6644,29,29,1,TRUE,80,80,1,TRUE,TRUE,TRUE,Retained in both
6649,29,29,1,TRUE,80,80,1,TRUE,TRUE,TRUE,Retained in both
6655,29,29,1,TRUE,80,80,1,TRUE,TRUE,TRUE,Retained in both
6658,29,29,1,TRUE,80,80,1,TRUE,TRUE,TRUE,Retained in both
6659,29,29,1,TRUE,76,80,0.95,TRUE,TRUE,TRUE,Retained in both
6660,29,29,1,TRUE,79,80,0.9875,TRUE,TRUE,TRUE,Retained in both
6661,29,29,1,TRUE,80,80,1,TRUE,TRUE,TRUE,Retained in both
6662,29,29,1,TRUE,79,80,0.9875,TRUE,TRUE,TRUE,Retained in both
6663,29,29,1,TRUE,80,80,1,TRUE,TRUE,TRUE,Retained in both
6664,29,29,1,TRUE,77,80,0.9625,TRUE,TRUE,TRUE,Retained in both
6666,29,29,1,TRUE,80,80,1,TRUE,TRUE,TRUE,Retained in both
6668,29,29,1,TRUE,80,80,1,TRUE,TRUE,TRUE,Retained in both
6669,29,29,1,TRUE,80,80,1,TRUE,TRUE,TRUE,Retained in both
6670,29,29,1,TRUE,80,80,1,TRUE,TRUE,TRUE,Retained in both
6674,29,29,1,TRUE,80,80,1,TRUE,TRUE,TRUE,Retained in both
6675,29,29,1,TRUE,80,80,1,TRUE,TRUE,TRUE,Retained in both
6676,29,29,1,TRUE,80,80,1,TRUE,TRUE,TRUE,Retained in both
6679,29,29,1,TRUE,80,80,1,TRUE,TRUE,TRUE,Retained in both
6680,29,29,1,TRUE,80,80,1,TRUE,TRUE,TRUE,Retained in both
6681,29,29,1,TRUE,76,80,0.95,TRUE,TRUE,TRUE,Retained in both
6686,29,29,1,TRUE,80,80,1,TRUE,TRUE,TRUE,Retained in both
6687,29,29,1,TRUE,80,80,1,TRUE,TRUE,TRUE,Retained in both
6692,29,29,1,TRUE,79,80,0.9875,TRUE,TRUE,TRUE,Retained in both
6693,29,29,1,TRUE,80,80,1,TRUE,TRUE,TRUE,Retained in both
6695,29,29,1,TRUE,80,80,1,TRUE,TRUE,TRUE,Retained in both
6696,29,29,1,TRUE,80,80,1,TRUE,TRUE,TRUE,Retained in both
6714,29,29,1,TRUE,80,80,1,TRUE,TRUE,TRUE,Retained in both
6715,29,29,1,TRUE,80,80,1,TRUE,TRUE,TRUE,Retained in both
6716,29,29,1,TRUE,80,80,1,TRUE,TRUE,TRUE,Retained in both
6717,29,29,1,TRUE,80,80,1,TRUE,TRUE,TRUE,Retained in both
6718,29,29,1,TRUE,72,80,0.9,TRUE,TRUE,TRUE,Retained in both
6719,29,29,1,TRUE,77,80,0.9625,TRUE,TRUE,TRUE,Retained in both
6722,29,29,1,TRUE,76,80,0.95,TRUE,TRUE,TRUE,Retained in both
6723,29,29,1,TRUE,75,80,0.9375,TRUE,TRUE,TRUE,Retained in both
6724,29,29,1,TRUE,80,80,1,TRUE,TRUE,TRUE,Retained in both
6725,29,29,1,TRUE,79,80,0.9875,TRUE,TRUE,TRUE,Retained in both
6726,29,29,1,TRUE,80,80,1,TRUE,TRUE,TRUE,Retained in both
6727,29,29,1,TRUE,80,80,1,TRUE,TRUE,TRUE,Retained in both
6728,29,29,1,TRUE,80,80,1,TRUE,TRUE,TRUE,Retained in both
6730,29,29,1,TRUE,76,80,0.95,TRUE,TRUE,TRUE,Retained in both
6731,29,29,1,TRUE,80,80,1,TRUE,TRUE,TRUE,Retained in both
6733,29,29,1,TRUE,72,80,0.9,TRUE,TRUE,TRUE,Retained in both
6734,29,29,1,TRUE,80,80,1,TRUE,TRUE,TRUE,Retained in both
6736,29,29,1,TRUE,80,80,1,TRUE,TRUE,TRUE,Retained in both
6737,29,29,1,TRUE,80,80,1,TRUE,TRUE,TRUE,Retained in both
6740,29,29,1,TRUE,77,80,0.9625,TRUE,TRUE,TRUE,Retained in both
6741,29,29,1,TRUE,80,80,1,TRUE,TRUE,TRUE,Retained in both
6745,29,29,1,TRUE,75,80,0.9375,TRUE,TRUE,TRUE,Retained in both
6746,29,29,1,TRUE,76,80,0.95,TRUE,TRUE,TRUE,Retained in both
6747,29,29,1,TRUE,76,80,0.95,TRUE,TRUE,TRUE,Retained in both
6749,29,29,1,TRUE,73,80,0.9125,TRUE,TRUE,TRUE,Retained in both
6750,29,29,1,TRUE,80,80,1,TRUE,TRUE,TRUE,Retained in both
6751,29,29,1,TRUE,80,80,1,TRUE,TRUE,TRUE,Retained in both
6752,29,29,1,TRUE,75,80,0.9375,TRUE,TRUE,TRUE,Retained in both
6753,29,29,1,TRUE,76,80,0.95,TRUE,TRUE,TRUE,Retained in both
6754,29,29,1,TRUE,75,80,0.9375,TRUE,TRUE,TRUE,Retained in both
6755,29,29,1,TRUE,75,80,0.9375,TRUE,TRUE,TRUE,Retained in both
6756,29,29,1,TRUE,75,80,0.9375,TRUE,TRUE,TRUE,Retained in both
6757,29,29,1,TRUE,76,80,0.95,TRUE,TRUE,TRUE,Retained in both
6758,29,29,1,TRUE,75,80,0.9375,TRUE,TRUE,TRUE,Retained in both
6759,29,29,1,TRUE,72,80,0.9,TRUE,TRUE,TRUE,Retained in both
6761,29,29,1,TRUE,79,80,0.9875,TRUE,TRUE,TRUE,Retained in both
6762,29,29,1,TRUE,80,80,1,TRUE,TRUE,TRUE,Retained in both
6763,29,29,1,TRUE,80,80,1,TRUE,TRUE,TRUE,Retained in both
6767,29,29,1,TRUE,80,80,1,TRUE,TRUE,TRUE,Retained in both
6768,29,29,1,TRUE,80,80,1,TRUE,TRUE,TRUE,Retained in both
6769,29,29,1,TRUE,76,80,0.95,TRUE,TRUE,TRUE,Retained in both
6775,29,29,1,TRUE,79,80,0.9875,TRUE,TRUE,TRUE,Retained in both
6777,29,29,1,TRUE,75,80,0.9375,TRUE,TRUE,TRUE,Retained in both
6779,29,29,1,TRUE,80,80,1,TRUE,TRUE,TRUE,Retained in both
6780,24,29,0.8275862068965517,TRUE,80,80,1,TRUE,TRUE,TRUE,Retained in both
6783,29,29,1,TRUE,80,80,1,TRUE,TRUE,TRUE,Retained in both
6784,29,29,1,TRUE,80,80,1,TRUE,TRUE,TRUE,Retained in both
6787,29,29,1,TRUE,80,80,1,TRUE,TRUE,TRUE,Retained in both
6788,29,29,1,TRUE,80,80,1,TRUE,TRUE,TRUE,Retained in both
6789,29,29,1,TRUE,80,80,1,TRUE,TRUE,TRUE,Retained in both
6792,29,29,1,TRUE,75,80,0.9375,TRUE,TRUE,TRUE,Retained in both
6794,29,29,1,TRUE,80,80,1,TRUE,TRUE,TRUE,Retained in both
6797,29,29,1,TRUE,80,80,1,TRUE,TRUE,TRUE,Retained in both
6798,29,29,1,TRUE,76,80,0.95,TRUE,TRUE,TRUE,Retained in both
6799,29,29,1,TRUE,80,80,1,TRUE,TRUE,TRUE,Retained in both
6800,29,29,1,TRUE,80,80,1,TRUE,TRUE,TRUE,Retained in both
6801,29,29,1,TRUE,75,80,0.9375,TRUE,TRUE,TRUE,Retained in both
6803,29,29,1,TRUE,77,80,0.9625,TRUE,TRUE,TRUE,Retained in both
6804,29,29,1,TRUE,79,80,0.9875,TRUE,TRUE,TRUE,Retained in both
6809,29,29,1,TRUE,80,80,1,TRUE,TRUE,TRUE,Retained in both
6810,29,29,1,TRUE,80,80,1,TRUE,TRUE,TRUE,Retained in both
6811,29,29,1,TRUE,77,80,0.9625,TRUE,TRUE,TRUE,Retained in both
6812,29,29,1,TRUE,80,80,1,TRUE,TRUE,TRUE,Retained in both
6813,29,29,1,TRUE,80,80,1,TRUE,TRUE,TRUE,Retained in both
6815,29,29,1,TRUE,75,80,0.9375,TRUE,TRUE,TRUE,Retained in both
6817,29,29,1,TRUE,79,80,0.9875,TRUE,TRUE,TRUE,Retained in both
6818,27,29,0.9310344827586207,TRUE,78,80,0.975,TRUE,TRUE,TRUE,Retained in both
6824,29,29,1,TRUE,64,80,0.8,TRUE,TRUE,TRUE,Retained in both
6826,29,29,1,TRUE,80,80,1,TRUE,TRUE,TRUE,Retained in both
6827,29,29,1,TRUE,80,80,1,TRUE,TRUE,TRUE,Retained in both
6829,29,29,1,TRUE,70,80,0.875,TRUE,TRUE,TRUE,Retained in both
6830,29,29,1,TRUE,80,80,1,TRUE,TRUE,TRUE,Retained in both
6832,29,29,1,TRUE,79,80,0.9875,TRUE,TRUE,TRUE,Retained in both
6833,29,29,1,TRUE,80,80,1,TRUE,TRUE,TRUE,Retained in both
6834,29,29,1,TRUE,80,80,1,TRUE,TRUE,TRUE,Retained in both
6835,29,29,1,TRUE,80,80,1,TRUE,TRUE,TRUE,Retained in both
6838,29,29,1,TRUE,80,80,1,TRUE,TRUE,TRUE,Retained in both
6841,29,29,1,TRUE,80,80,1,TRUE,TRUE,TRUE,Retained in both
6842,29,29,1,TRUE,80,80,1,TRUE,TRUE,TRUE,Retained in both
6844,29,29,1,TRUE,66,80,0.825,TRUE,TRUE,TRUE,Retained in both
6845,29,29,1,TRUE,75,80,0.9375,TRUE,TRUE,TRUE,Retained in both
6846,29,29,1,TRUE,80,80,1,TRUE,TRUE,TRUE,Retained in both
6849,29,29,1,TRUE,75,80,0.9375,TRUE,TRUE,TRUE,Retained in both
6851,29,29,1,TRUE,79,80,0.9875,TRUE,TRUE,TRUE,Retained in both
6852,29,29,1,TRUE,75,80,0.9375,TRUE,TRUE,TRUE,Retained in both
6853,29,29,1,TRUE,72,80,0.9,TRUE,TRUE,TRUE,Retained in both
6854,29,29,1,TRUE,72,80,0.9,TRUE,TRUE,TRUE,Retained in both
6857,29,29,1,TRUE,80,80,1,TRUE,TRUE,TRUE,Retained in both
6858,29,29,1,TRUE,80,80,1,TRUE,TRUE,TRUE,Retained in both
6860,29,29,1,TRUE,77,80,0.9625,TRUE,TRUE,TRUE,Retained in both
6861,29,29,1,TRUE,74,80,0.925,TRUE,TRUE,TRUE,Retained in both
6863,29,29,1,TRUE,80,80,1,TRUE,TRUE,TRUE,Retained in both
6865,29,29,1,TRUE,77,80,0.9625,TRUE,TRUE,TRUE,Retained in both
6866,29,29,1,TRUE,80,80,1,TRUE,TRUE,TRUE,Retained in both
6872,29,29,1,TRUE,72,80,0.9,TRUE,TRUE,TRUE,Retained in both
6873,29,29,1,TRUE,80,80,1,TRUE,TRUE,TRUE,Retained in both
6874,29,29,1,TRUE,80,80,1,TRUE,TRUE,TRUE,Retained in both
6875,29,29,1,TRUE,78,80,0.975,TRUE,TRUE,TRUE,Retained in both
6878,29,29,1,TRUE,75,80,0.9375,TRUE,TRUE,TRUE,Retained in both
6879,29,29,1,TRUE,80,80,1,TRUE,TRUE,TRUE,Retained in both
6880,29,29,1,TRUE,80,80,1,TRUE,TRUE,TRUE,Retained in both
6881,29,29,1,TRUE,76,80,0.95,TRUE,TRUE,TRUE,Retained in both
6882,29,29,1,TRUE,72,80,0.9,TRUE,TRUE,TRUE,Retained in both
6883,29,29,1,TRUE,72,80,0.9,TRUE,TRUE,TRUE,Retained in both
6884,29,29,1,TRUE,80,80,1,TRUE,TRUE,TRUE,Retained in both
6885,29,29,1,TRUE,80,80,1,TRUE,TRUE,TRUE,Retained in both
6887,29,29,1,TRUE,76,80,0.95,TRUE,TRUE,TRUE,Retained in both
6888,29,29,1,TRUE,80,80,1,TRUE,TRUE,TRUE,Retained in both
6891,29,29,1,TRUE,72,80,0.9,TRUE,TRUE,TRUE,Retained in both
6896,29,29,1,TRUE,76,80,0.95,TRUE,TRUE,TRUE,Retained in both
6897,29,29,1,TRUE,76,80,0.95,TRUE,TRUE,TRUE,Retained in both
6898,29,29,1,TRUE,79,80,0.9875,TRUE,TRUE,TRUE,Retained in both
6900,29,29,1,TRUE,74,80,0.925,TRUE,TRUE,TRUE,Retained in both
6903,29,29,1,TRUE,79,80,0.9875,TRUE,TRUE,TRUE,Retained in both
6904,29,29,1,TRUE,80,80,1,TRUE,TRUE,TRUE,Retained in both
6905,29,29,1,TRUE,76,80,0.95,TRUE,TRUE,TRUE,Retained in both
6909,29,29,1,TRUE,77,80,0.9625,TRUE,TRUE,TRUE,Retained in both
6911,29,29,1,TRUE,80,80,1,TRUE,TRUE,TRUE,Retained in both
6918,29,29,1,TRUE,80,80,1,TRUE,TRUE,TRUE,Retained in both
6919,29,29,1,TRUE,80,80,1,TRUE,TRUE,TRUE,Retained in both
6921,29,29,1,TRUE,80,80,1,TRUE,TRUE,TRUE,Retained in both
6922,29,29,1,TRUE,80,80,1,TRUE,TRUE,TRUE,Retained in both
6923,29,29,1,TRUE,76,80,0.95,TRUE,TRUE,TRUE,Retained in both
6924,29,29,1,TRUE,80,80,1,TRUE,TRUE,TRUE,Retained in both
6925,29,29,1,TRUE,79,80,0.9875,TRUE,TRUE,TRUE,Retained in both
6926,29,29,1,TRUE,79,80,0.9875,TRUE,TRUE,TRUE,Retained in both
6927,29,29,1,TRUE,80,80,1,TRUE,TRUE,TRUE,Retained in both
6928,29,29,1,TRUE,80,80,1,TRUE,TRUE,TRUE,Retained in both
6929,29,29,1,TRUE,68,80,0.85,TRUE,TRUE,TRUE,Retained in both
6930,29,29,1,TRUE,72,80,0.9,TRUE,TRUE,TRUE,Retained in both
6931,29,29,1,TRUE,74,80,0.925,TRUE,TRUE,TRUE,Retained in both
6932,29,29,1,TRUE,80,80,1,TRUE,TRUE,TRUE,Retained in both
6933,29,29,1,TRUE,66,80,0.825,TRUE,TRUE,TRUE,Retained in both
6935,29,29,1,TRUE,76,80,0.95,TRUE,TRUE,TRUE,Retained in both
6936,29,29,1,TRUE,71,80,0.8875,TRUE,TRUE,TRUE,Retained in both
6937,29,29,1,TRUE,80,80,1,TRUE,TRUE,TRUE,Retained in both
6940,29,29,1,TRUE,80,80,1,TRUE,TRUE,TRUE,Retained in both
6941,29,29,1,TRUE,80,80,1,TRUE,TRUE,TRUE,Retained in both
6942,29,29,1,TRUE,76,80,0.95,TRUE,TRUE,TRUE,Retained in both
6944,29,29,1,TRUE,74,80,0.925,TRUE,TRUE,TRUE,Retained in both
6948,29,29,1,TRUE,76,80,0.95,TRUE,TRUE,TRUE,Retained in both
6952,29,29,1,TRUE,80,80,1,TRUE,TRUE,TRUE,Retained in both
6953,29,29,1,TRUE,77,80,0.9625,TRUE,TRUE,TRUE,Retained in both
6954,29,29,1,TRUE,80,80,1,TRUE,TRUE,TRUE,Retained in both
6956,29,29,1,TRUE,80,80,1,TRUE,TRUE,TRUE,Retained in both
6959,29,29,1,TRUE,80,80,1,TRUE,TRUE,TRUE,Retained in both
6960,29,29,1,TRUE,80,80,1,TRUE,TRUE,TRUE,Retained in both
6962,29,29,1,TRUE,80,80,1,TRUE,TRUE,TRUE,Retained in both
6963,29,29,1,TRUE,80,80,1,TRUE,TRUE,TRUE,Retained in both
6965,29,29,1,TRUE,80,80,1,TRUE,TRUE,TRUE,Retained in both
6966,29,29,1,TRUE,77,80,0.9625,TRUE,TRUE,TRUE,Retained in both
6967,29,29,1,TRUE,80,80,1,TRUE,TRUE,TRUE,Retained in both
6968,29,29,1,TRUE,80,80,1,TRUE,TRUE,TRUE,Retained in both
6969,29,29,1,TRUE,80,80,1,TRUE,TRUE,TRUE,Retained in both
6970,29,29,1,TRUE,80,80,1,TRUE,TRUE,TRUE,Retained in both
6971,29,29,1,TRUE,80,80,1,TRUE,TRUE,TRUE,Retained in both
6972,29,29,1,TRUE,79,80,0.9875,TRUE,TRUE,TRUE,Retained in both
6973,29,29,1,TRUE,77,80,0.9625,TRUE,TRUE,TRUE,Retained in both
6974,29,29,1,TRUE,73,80,0.9125,TRUE,TRUE,TRUE,Retained in both
6977,29,29,1,TRUE,77,80,0.9625,TRUE,TRUE,TRUE,Retained in both
6978,29,29,1,TRUE,74,80,0.925,TRUE,TRUE,TRUE,Retained in both
6993,29,29,1,TRUE,78,80,0.975,TRUE,TRUE,TRUE,Retained in both
6994,29,29,1,TRUE,77,80,0.9625,TRUE,TRUE,TRUE,Retained in both
6997,29,29,1,TRUE,77,80,0.9625,TRUE,TRUE,TRUE,Retained in both
6999,29,29,1,TRUE,80,80,1,TRUE,TRUE,TRUE,Retained in both
7000,29,29,1,TRUE,80,80,1,TRUE,TRUE,TRUE,Retained in both
7003,29,29,1,TRUE,80,80,1,TRUE,TRUE,TRUE,Retained in both
7004,29,29,1,TRUE,80,80,1,TRUE,TRUE,TRUE,Retained in both
7006,29,29,1,TRUE,80,80,1,TRUE,TRUE,TRUE,Retained in both
7007,29,29,1,TRUE,75,80,0.9375,TRUE,TRUE,TRUE,Retained in both
7008,29,29,1,TRUE,80,80,1,TRUE,TRUE,TRUE,Retained in both
7009,29,29,1,TRUE,77,80,0.9625,TRUE,TRUE,TRUE,Retained in both
7010,29,29,1,TRUE,80,80,1,TRUE,TRUE,TRUE,Retained in both
7011,29,29,1,TRUE,80,80,1,TRUE,TRUE,TRUE,Retained in both
7012,29,29,1,TRUE,80,80,1,TRUE,TRUE,TRUE,Retained in both
7013,29,29,1,TRUE,80,80,1,TRUE,TRUE,TRUE,Retained in both
7014,29,29,1,TRUE,77,80,0.9625,TRUE,TRUE,TRUE,Retained in both
7017,29,29,1,TRUE,80,80,1,TRUE,TRUE,TRUE,Retained in both
7018,29,29,1,TRUE,72,80,0.9,TRUE,TRUE,TRUE,Retained in both
7019,29,29,1,TRUE,72,80,0.9,TRUE,TRUE,TRUE,Retained in both
7020,29,29,1,TRUE,77,80,0.9625,TRUE,TRUE,TRUE,Retained in both
7021,29,29,1,TRUE,80,80,1,TRUE,TRUE,TRUE,Retained in both
7022,29,29,1,TRUE,80,80,1,TRUE,TRUE,TRUE,Retained in both
7024,29,29,1,TRUE,80,80,1,TRUE,TRUE,TRUE,Retained in both
7025,29,29,1,TRUE,80,80,1,TRUE,TRUE,TRUE,Retained in both
7026,29,29,1,TRUE,76,80,0.95,TRUE,TRUE,TRUE,Retained in both
7028,29,29,1,TRUE,76,80,0.95,TRUE,TRUE,TRUE,Retained in both
7030,29,29,1,TRUE,78,80,0.975,TRUE,TRUE,TRUE,Retained in both
7031,29,29,1,TRUE,79,80,0.9875,TRUE,TRUE,TRUE,Retained in both
7032,29,29,1,TRUE,75,80,0.9375,TRUE,TRUE,TRUE,Retained in both
7033,29,29,1,TRUE,80,80,1,TRUE,TRUE,TRUE,Retained in both
7034,29,29,1,TRUE,80,80,1,TRUE,TRUE,TRUE,Retained in both
7035,29,29,1,TRUE,80,80,1,TRUE,TRUE,TRUE,Retained in both
7036,29,29,1,TRUE,80,80,1,TRUE,TRUE,TRUE,Retained in both
7037,29,29,1,TRUE,80,80,1,TRUE,TRUE,TRUE,Retained in both
7038,29,29,1,TRUE,77,80,0.9625,TRUE,TRUE,TRUE,Retained in both
7039,29,29,1,TRUE,72,80,0.9,TRUE,TRUE,TRUE,Retained in both
7040,29,29,1,TRUE,80,80,1,TRUE,TRUE,TRUE,Retained in both
7042,29,29,1,TRUE,80,80,1,TRUE,TRUE,TRUE,Retained in both
7043,29,29,1,TRUE,80,80,1,TRUE,TRUE,TRUE,Retained in both
7048,29,29,1,TRUE,80,80,1,TRUE,TRUE,TRUE,Retained in both
7049,29,29,1,TRUE,76,80,0.95,TRUE,TRUE,TRUE,Retained in both
7050,29,29,1,TRUE,72,80,0.9,TRUE,TRUE,TRUE,Retained in both
7052,29,29,1,TRUE,80,80,1,TRUE,TRUE,TRUE,Retained in both
7053,29,29,1,TRUE,80,80,1,TRUE,TRUE,TRUE,Retained in both
7054,29,29,1,TRUE,80,80,1,TRUE,TRUE,TRUE,Retained in both
7062,29,29,1,TRUE,76,80,0.95,TRUE,TRUE,TRUE,Retained in both
7063,29,29,1,TRUE,74,80,0.925,TRUE,TRUE,TRUE,Retained in both
7064,29,29,1,TRUE,80,80,1,TRUE,TRUE,TRUE,Retained in both
7066,29,29,1,TRUE,72,80,0.9,TRUE,TRUE,TRUE,Retained in both
7067,29,29,1,TRUE,80,80,1,TRUE,TRUE,TRUE,Retained in both
7068,29,29,1,TRUE,79,80,0.9875,TRUE,TRUE,TRUE,Retained in both
7069,29,29,1,TRUE,80,80,1,TRUE,TRUE,TRUE,Retained in both
7072,29,29,1,TRUE,72,80,0.9,TRUE,TRUE,TRUE,Retained in both
7073,29,29,1,TRUE,79,80,0.9875,TRUE,TRUE,TRUE,Retained in both
7075,29,29,1,TRUE,79,80,0.9875,TRUE,TRUE,TRUE,Retained in both
7076,29,29,1,TRUE,79,80,0.9875,TRUE,TRUE,TRUE,Retained in both
7078,29,29,1,TRUE,80,80,1,TRUE,TRUE,TRUE,Retained in both
7080,29,29,1,TRUE,76,80,0.95,TRUE,TRUE,TRUE,Retained in both
7081,29,29,1,TRUE,80,80,1,TRUE,TRUE,TRUE,Retained in both
7083,29,29,1,TRUE,80,80,1,TRUE,TRUE,TRUE,Retained in both
7084,29,29,1,TRUE,78,80,0.975,TRUE,TRUE,TRUE,Retained in both
7085,29,29,1,TRUE,80,80,1,TRUE,TRUE,TRUE,Retained in both
7086,29,29,1,TRUE,80,80,1,TRUE,TRUE,TRUE,Retained in both
7087,29,29,1,TRUE,80,80,1,TRUE,TRUE,TRUE,Retained in both
7090,29,29,1,TRUE,77,80,0.9625,TRUE,TRUE,TRUE,Retained in both
7091,29,29,1,TRUE,80,80,1,TRUE,TRUE,TRUE,Retained in both
7092,29,29,1,TRUE,79,80,0.9875,TRUE,TRUE,TRUE,Retained in both
7095,29,29,1,TRUE,77,80,0.9625,TRUE,TRUE,TRUE,Retained in both
7096,29,29,1,TRUE,80,80,1,TRUE,TRUE,TRUE,Retained in both
7097,29,29,1,TRUE,80,80,1,TRUE,TRUE,TRUE,Retained in both
7098,29,29,1,TRUE,76,80,0.95,TRUE,TRUE,TRUE,Retained in both
7100,29,29,1,TRUE,80,80,1,TRUE,TRUE,TRUE,Retained in both
7101,29,29,1,TRUE,80,80,1,TRUE,TRUE,TRUE,Retained in both
7104,29,29,1,TRUE,75,80,0.9375,TRUE,TRUE,TRUE,Retained in both
7105,29,29,1,TRUE,80,80,1,TRUE,TRUE,TRUE,Retained in both
7106,29,29,1,TRUE,77,80,0.9625,TRUE,TRUE,TRUE,Retained in both
7107,29,29,1,TRUE,75,80,0.9375,TRUE,TRUE,TRUE,Retained in both
7109,29,29,1,TRUE,80,80,1,TRUE,TRUE,TRUE,Retained in both
7110,29,29,1,TRUE,80,80,1,TRUE,TRUE,TRUE,Retained in both
7113,29,29,1,TRUE,72,80,0.9,TRUE,TRUE,TRUE,Retained in both
7115,29,29,1,TRUE,76,80,0.95,TRUE,TRUE,TRUE,Retained in both
7117,29,29,1,TRUE,80,80,1,TRUE,TRUE,TRUE,Retained in both
7124,29,29,1,TRUE,74,80,0.925,TRUE,TRUE,TRUE,Retained in both
7125,29,29,1,TRUE,80,80,1,TRUE,TRUE,TRUE,Retained in both
7126,29,29,1,TRUE,74,80,0.925,TRUE,TRUE,TRUE,Retained in both
7127,29,29,1,TRUE,80,80,1,TRUE,TRUE,TRUE,Retained in both
7128,24,29,0.8275862068965517,TRUE,80,80,1,TRUE,TRUE,TRUE,Retained in both
7129,25,29,0.8620689655172413,TRUE,80,80,1,TRUE,TRUE,TRUE,Retained in both
7131,29,29,1,TRUE,80,80,1,TRUE,TRUE,TRUE,Retained in both
7134,29,29,1,TRUE,80,80,1,TRUE,TRUE,TRUE,Retained in both
7135,29,29,1,TRUE,76,80,0.95,TRUE,TRUE,TRUE,Retained in both
7136,29,29,1,TRUE,65,80,0.8125,TRUE,TRUE,TRUE,Retained in both
7137,29,29,1,TRUE,80,80,1,TRUE,TRUE,TRUE,Retained in both
7139,29,29,1,TRUE,76,80,0.95,TRUE,TRUE,TRUE,Retained in both
7140,29,29,1,TRUE,72,80,0.9,TRUE,TRUE,TRUE,Retained in both
7141,29,29,1,TRUE,80,80,1,TRUE,TRUE,TRUE,Retained in both
7145,29,29,1,TRUE,74,80,0.925,TRUE,TRUE,TRUE,Retained in both
7146,29,29,1,TRUE,80,80,1,TRUE,TRUE,TRUE,Retained in both
7147,29,29,1,TRUE,75,80,0.9375,TRUE,TRUE,TRUE,Retained in both
7150,29,29,1,TRUE,71,80,0.8875,TRUE,TRUE,TRUE,Retained in both
7151,29,29,1,TRUE,80,80,1,TRUE,TRUE,TRUE,Retained in both
7152,29,29,1,TRUE,80,80,1,TRUE,TRUE,TRUE,Retained in both
7156,29,29,1,TRUE,80,80,1,TRUE,TRUE,TRUE,Retained in both
7157,29,29,1,TRUE,79,80,0.9875,TRUE,TRUE,TRUE,Retained in both
7158,25,29,0.8620689655172413,TRUE,80,80,1,TRUE,TRUE,TRUE,Retained in both
7159,29,29,1,TRUE,80,80,1,TRUE,TRUE,TRUE,Retained in both
7165,29,29,1,TRUE,72,80,0.9,TRUE,TRUE,TRUE,Retained in both
7168,29,29,1,TRUE,72,80,0.9,TRUE,TRUE,TRUE,Retained in both
7169,29,29,1,TRUE,80,80,1,TRUE,TRUE,TRUE,Retained in both
7170,29,29,1,TRUE,74,80,0.925,TRUE,TRUE,TRUE,Retained in both
7171,29,29,1,TRUE,78,80,0.975,TRUE,TRUE,TRUE,Retained in both
7172,29,29,1,TRUE,75,80,0.9375,TRUE,TRUE,TRUE,Retained in both
7174,29,29,1,TRUE,79,80,0.9875,TRUE,TRUE,TRUE,Retained in both
7180,29,29,1,TRUE,72,80,0.9,TRUE,TRUE,TRUE,Retained in both
7182,29,29,1,TRUE,80,80,1,TRUE,TRUE,TRUE,Retained in both
7183,29,29,1,TRUE,72,80,0.9,TRUE,TRUE,TRUE,Retained in both
7184,29,29,1,TRUE,72,80,0.9,TRUE,TRUE,TRUE,Retained in both
7185,29,29,1,TRUE,72,80,0.9,TRUE,TRUE,TRUE,Retained in both
7186,29,29,1,TRUE,73,80,0.9125,TRUE,TRUE,TRUE,Retained in both
7187,29,29,1,TRUE,72,80,0.9,TRUE,TRUE,TRUE,Retained in both
7188,29,29,1,TRUE,80,80,1,TRUE,TRUE,TRUE,Retained in both
7189,29,29,1,TRUE,80,80,1,TRUE,TRUE,TRUE,Retained in both
7190,29,29,1,TRUE,72,80,0.9,TRUE,TRUE,TRUE,Retained in both
7193,29,29,1,TRUE,80,80,1,TRUE,TRUE,TRUE,Retained in both
7195,29,29,1,TRUE,71,80,0.8875,TRUE,TRUE,TRUE,Retained in both
7196,29,29,1,TRUE,80,80,1,TRUE,TRUE,TRUE,Retained in both
7197,29,29,1,TRUE,80,80,1,TRUE,TRUE,TRUE,Retained in both
7198,29,29,1,TRUE,80,80,1,TRUE,TRUE,TRUE,Retained in both
7199,29,29,1,TRUE,80,80,1,TRUE,TRUE,TRUE,Retained in both
7200,29,29,1,TRUE,66,80,0.825,TRUE,TRUE,TRUE,Retained in both
7201,29,29,1,TRUE,80,80,1,TRUE,TRUE,TRUE,Retained in both
7202,29,29,1,TRUE,80,80,1,TRUE,TRUE,TRUE,Retained in both
7205,29,29,1,TRUE,79,80,0.9875,TRUE,TRUE,TRUE,Retained in both
7207,29,29,1,TRUE,71,80,0.8875,TRUE,TRUE,TRUE,Retained in both
7208,29,29,1,TRUE,80,80,1,TRUE,TRUE,TRUE,Retained in both
7209,29,29,1,TRUE,76,80,0.95,TRUE,TRUE,TRUE,Retained in both
7210,29,29,1,TRUE,80,80,1,TRUE,TRUE,TRUE,Retained in both
7211,29,29,1,TRUE,80,80,1,TRUE,TRUE,TRUE,Retained in both
7213,29,29,1,TRUE,80,80,1,TRUE,TRUE,TRUE,Retained in both
7216,29,29,1,TRUE,80,80,1,TRUE,TRUE,TRUE,Retained in both
7220,29,29,1,TRUE,75,80,0.9375,TRUE,TRUE,TRUE,Retained in both
7221,29,29,1,TRUE,80,80,1,TRUE,TRUE,TRUE,Retained in both
7222,29,29,1,TRUE,79,80,0.9875,TRUE,TRUE,TRUE,Retained in both
7223,29,29,1,TRUE,80,80,1,TRUE,TRUE,TRUE,Retained in both
7224,29,29,1,TRUE,80,80,1,TRUE,TRUE,TRUE,Retained in both
7225,29,29,1,TRUE,80,80,1,TRUE,TRUE,TRUE,Retained in both
7226,29,29,1,TRUE,80,80,1,TRUE,TRUE,TRUE,Retained in both
7227,29,29,1,TRUE,79,80,0.9875,TRUE,TRUE,TRUE,Retained in both
7231,29,29,1,TRUE,77,80,0.9625,TRUE,TRUE,TRUE,Retained in both
7234,29,29,1,TRUE,72,80,0.9,TRUE,TRUE,TRUE,Retained in both
7236,29,29,1,TRUE,76,80,0.95,TRUE,TRUE,TRUE,Retained in both
7238,29,29,1,TRUE,80,80,1,TRUE,TRUE,TRUE,Retained in both
7239,29,29,1,TRUE,77,80,0.9625,TRUE,TRUE,TRUE,Retained in both
7240,29,29,1,TRUE,75,80,0.9375,TRUE,TRUE,TRUE,Retained in both
7242,29,29,1,TRUE,72,80,0.9,TRUE,TRUE,TRUE,Retained in both
7244,29,29,1,TRUE,76,80,0.95,TRUE,TRUE,TRUE,Retained in both
7245,29,29,1,TRUE,75,80,0.9375,TRUE,TRUE,TRUE,Retained in both
7249,29,29,1,TRUE,80,80,1,TRUE,TRUE,TRUE,Retained in both
7250,29,29,1,TRUE,80,80,1,TRUE,TRUE,TRUE,Retained in both
7253,29,29,1,TRUE,80,80,1,TRUE,TRUE,TRUE,Retained in both
7256,29,29,1,TRUE,79,80,0.9875,TRUE,TRUE,TRUE,Retained in both
7258,29,29,1,TRUE,72,80,0.9,TRUE,TRUE,TRUE,Retained in both
7261,29,29,1,TRUE,80,80,1,TRUE,TRUE,TRUE,Retained in both
7265,29,29,1,TRUE,80,80,1,TRUE,TRUE,TRUE,Retained in both
7267,29,29,1,TRUE,72,80,0.9,TRUE,TRUE,TRUE,Retained in both
7269,29,29,1,TRUE,72,80,0.9,TRUE,TRUE,TRUE,Retained in both
7271,29,29,1,TRUE,76,80,0.95,TRUE,TRUE,TRUE,Retained in both
7272,29,29,1,TRUE,80,80,1,TRUE,TRUE,TRUE,Retained in both
7274,29,29,1,TRUE,76,80,0.95,TRUE,TRUE,TRUE,Retained in both
7275,29,29,1,TRUE,79,80,0.9875,TRUE,TRUE,TRUE,Retained in both
7278,29,29,1,TRUE,73,80,0.9125,TRUE,TRUE,TRUE,Retained in both
7280,29,29,1,TRUE,72,80,0.9,TRUE,TRUE,TRUE,Retained in both
7282,29,29,1,TRUE,80,80,1,TRUE,TRUE,TRUE,Retained in both
7283,29,29,1,TRUE,75,80,0.9375,TRUE,TRUE,TRUE,Retained in both
7287,29,29,1,TRUE,80,80,1,TRUE,TRUE,TRUE,Retained in both
7292,29,29,1,TRUE,80,80,1,TRUE,TRUE,TRUE,Retained in both
7293,29,29,1,TRUE,80,80,1,TRUE,TRUE,TRUE,Retained in both
7295,29,29,1,TRUE,80,80,1,TRUE,TRUE,TRUE,Retained in both
