7047,"_Line(m=85014.59014780103, b=-124552.19945249378)"
6962,"_Line(m=84937.74393038079, b=-106327.35052910562)"
7420,"_Line(m=85212.33046826186, b=-171448.29385297978)"
7198,"_Line(m=84628.89693677987, b=-33081.197526713986)"
6798,"_Line(m=84889.14743069283, b=-94802.20466310909)"
6392,"_Line(m=84603.65791638788, b=-27095.511450546277)"
6994,"_Line(m=84495.54223009184, b=-1454.7952885826692)"
6944,"_Line(m=85220.43752093943, b=-173370.9624659944)"
7278,"_Line(m=96568.0324376773, b=-2864566.5729195504)"
7529,"_Line(m=86376.85205707134, b=-447626.23385503766)"
7453,"_Line(m=88199.8358426985, b=-879965.0684543788)"
7239,"_Line(m=92139.15329195441, b=-0.0)"
7099,"_Line(m=86835.87630088713, b=-556488.4235183909)"
7505,"_Line(m=85943.74592017021, b=-344910.78242757084)"
7578,"_Line(m=84797.77660818718, b=-73132.70039767107)"
7542,"_Line(m=86639.06956781769, b=-509813.7387036445)"
7617,"_Line(m=93333.38649012367, b=-2097437.9399977284)"
6633,"_Line(m=84930.79423287844, b=-104679.16026945248)"
7414,"_Line(m=86876.95415814291, b=-566230.4481451723)"
6476,"_Line(m=84818.73307602231, b=-78102.73630945191)"
6959,"_Line(m=84656.70233341874, b=-39675.52539359055)"
7083,"_Line(m=84656.68739498779, b=-39671.982595309026)"
6827,"_Line(m=84643.22152963476, b=-36478.41796817754)"
7182,"_Line(m=84643.2311737892, b=-36480.70517584464)"
7370,"_Line(m=86078.30150509093, b=-376821.9849473668)"
7319,"_Line(m=84836.32356169444, b=-82274.49589145229)"
7013,"_Line(m=85137.33854577654, b=-153663.2095163651)"
6360,"_Line(m=84865.60239073785, b=-89218.26298738807)"
7314,"_Line(m=84769.76099818178, b=-66488.51832878974)"
7476,"_Line(m=84544.04355996381, b=-12957.370681018003)"
7502,"_Line(m=84655.5125710943, b=-39393.36136072554)"
6334,"_Line(m=84635.10318262008, b=-34553.0707901787)"
7183,"_Line(m=84658.25522963019, b=-40043.81025909798)"
7589,"_Line(m=84547.4962203124, b=-13776.203609288134)"
7484,"_Line(m=84520.52521274262, b=-7379.7594540403325)"
7225,"_Line(m=84830.08816613485, b=-80795.70948054522)"
7008,"_Line(m=84536.19488007345, b=-11095.977758221856)"
7040,"_Line(m=84511.1447072678, b=-5155.078775632404)"
7216,"_Line(m=84655.80809199328, b=-39463.44709712932)"
7397,"_Line(m=84782.79918948287, b=-69580.65577775949)"
6325,"_Line(m=84505.27114975937, b=-3762.1058769320666)"
7574,"_Line(m=84641.53113088936, b=-36077.52300172221)"
7619,"_Line(m=84783.64681549469, b=-69781.67876272091)"
6686,"_Line(m=84570.204879944, b=-19161.78932751967)"
6849,"_Line(m=84770.22885603462, b=-66599.47549717069)"
7429,"_Line(m=85504.34963256969, b=-240703.5588602285)"
7432,"_Line(m=88354.48571564305, b=-0.0)"
7325,"_Line(m=89880.80633671097, b=-0.0)"
6929,"_Line(m=90484.39107218958, b=-0.0)"
7428,"_Line(m=84643.80681568813, b=-36617.2244085952)"
7262,"_Line(m=84645.73563217605, b=-37074.66252687174)"
7547,"_Line(m=84697.43987900777, b=-49336.841705479295)"
7326,"_Line(m=89265.47302612879, b=-23346.770681861515)"
6764,"_Line(m=90709.17835531828, b=-0.0)"
7701,"_Line(m=90128.90590258341, b=-0.0)"
7561,"_Line(m=91330.39131155501, b=-0.0)"
6727,"_Line(m=96199.9631292544, b=-0.0)"
7333,"_Line(m=91820.39810847308, b=-0.0)"
6660,"_Line(m=91984.85909466704, b=-0.0)"
6636,"_Line(m=95315.29579242112, b=-0.0)"
6503,"_Line(m=91747.69849547687, b=-0.0)"
7078,"_Line(m=90591.62433039071, b=-28186.62330568168)"
7323,"_Line(m=87859.21924489285, b=-0.0)"
6427,"_Line(m=90509.88226019543, b=-0.0)"
7628,"_Line(m=88497.81975777267, b=-950634.9337533652)"
6366,"_Line(m=86843.86635118545, b=-558383.3438471389)"
7101,"_Line(m=84959.05779216495, b=-111382.1459898371)"
7005,"_Line(m=88318.39086764594, b=-0.0)"
7590,"_Line(m=84595.63379394762, b=-25192.510572616335)"
6635,"_Line(m=84588.11852730744, b=-23410.18993623243)"
6937,"_Line(m=84669.96310522048, b=-42820.45003408812)"
6865,"_Line(m=84569.93156616853, b=-19096.970232526117)"
6737,"_Line(m=84569.93504230729, b=-19097.794633597485)"
6893,"_Line(m=85314.03904283766, b=-195569.49939938006)"
6845,"_Line(m=86313.77035206338, b=-432665.77669534745)"
6402,"_Line(m=84629.50397135905, b=-33225.161847512776)"
7538,"_Line(m=84667.64015908874, b=-42269.54012948433)"
7537,"_Line(m=84666.44254618976, b=-41985.514254365466)"
7245,"_Line(m=84533.64705536734, b=-10491.73565092113)"
7700,"_Line(m=84538.29672444075, b=-11594.451168369804)"
6897,"_Line(m=84685.27231766864, b=-46451.18285829434)"
6896,"_Line(m=84596.41167852076, b=-25376.993677984476)"
7586,"_Line(m=88081.07245088968, b=-851799.1424529972)"
6891,"_Line(m=85245.87737687833, b=-179404.27870046374)"
7457,"_Line(m=86777.7203478395, b=-542696.1576936138)"
7307,"_Line(m=90019.97366746838, b=-1311628.9549767997)"
7242,"_Line(m=92141.4437265256, b=-0.0)"
7019,"_Line(m=85753.4398681496, b=-299777.79913035803)"
7568,"_Line(m=85502.16089730828, b=-240184.47840562978)"
6349,"_Line(m=86440.17087199622, b=-462642.92400262435)"
7508,"_Line(m=84914.88562160953, b=-100906.27402091674)"
6977,"_Line(m=84557.50202421074, b=-16149.180061817937)"
6659,"_Line(m=84578.9521012912, b=-21236.280342224018)"
6410,"_Line(m=84793.95597330313, b=-72226.59862856826)"
6602,"_Line(m=84573.49277156264, b=-19941.545703797463)"
7113,"_Line(m=84683.02314930022, b=-45917.770088037636)"
6790,"_Line(m=84495.58578657107, b=-1465.1251431945695)"
6878,"_Line(m=85605.76710631944, b=-264755.7269347195)"
6719,"_Line(m=84706.10374561603, b=-51391.56431029705)"
6522,"_Line(m=84598.00170857689, b=-25754.085206092892)"
7682,"_Line(m=84809.53826507628, b=-75922.09494548876)"
7641,"_Line(m=84601.06110501829, b=-26479.651666137863)"
7599,"_Line(m=86816.82626825971, b=-551970.5177804733)"
6498,"_Line(m=84554.12175293884, b=-15347.514926975755)"
7128,"_Line(m=84766.04457514723, b=-65607.1314419152)"
7572,"_Line(m=86109.87327645859, b=-384309.54624492145)"
7416,"_Line(m=84538.42376712461, b=-11624.580611273674)"
6966,"_Line(m=85113.0645927976, b=-147906.39882787823)"
6456,"_Line(m=84543.87845701954, b=-12918.21486675383)"
6924,"_Line(m=85606.93496458998, b=-119084.4459322356)"
6860,"_Line(m=84515.01396911206, b=-6072.712914612391)"
6888,"_Line(m=84531.89393263593, b=-10075.96506393734)"
6775,"_Line(m=89421.60212188913, b=-0.0)"
7577,"_Line(m=89199.31983678802, b=-0.0)"
6493,"_Line(m=89284.11957549692, b=-0.0)"
7332,"_Line(m=84851.25949745352, b=-85816.70241607568)"
7070,"_Line(m=84810.71585876039, b=-76201.37306361704)"
6885,"_Line(m=85166.37099398793, b=-160548.54493417797)"
6540,"_Line(m=84705.0763814944, b=-51147.91463521176)"
6390,"_Line(m=84661.31212895286, b=-40768.78450246167)"
7581,"_Line(m=84605.92888213287, b=-27634.09368662983)"
6520,"_Line(m=84655.30376862056, b=-39343.841766049445)"
6533,"_Line(m=84655.29881149421, b=-39342.66613396878)"
7376,"_Line(m=85261.2217729457, b=-183043.3556718068)"
6523,"_Line(m=84726.86417670136, b=-56315.10814649718)"
6490,"_Line(m=84718.58523084232, b=-54351.673346565214)"
7258,"_Line(m=85079.12636087375, b=-139857.6077448181)"
7656,"_Line(m=84605.91360331817, b=-27630.470162937)"
7073,"_Line(m=84757.52665887192, b=-63587.02241806312)"
7197,"_Line(m=84653.46056730546, b=-38906.70814216414)"
6618,"_Line(m=84962.7392688163, b=-112255.24499246842)"
7131,"_Line(m=84653.40022430097, b=-38892.39719521733)"
6780,"_Line(m=84645.8706751726, b=-37106.689323933555)"
6834,"_Line(m=85004.2002569901, b=-122088.1329477707)"
7344,"_Line(m=85413.28221017159, b=-219106.00896429003)"
7137,"_Line(m=84777.82671165967, b=-68401.38293720473)"
6911,"_Line(m=84579.94743078126, b=-21472.332684081794)"
7415,"_Line(m=92535.38107383279, b=-1908182.9754701818)"
7473,"_Line(m=84579.95083068225, b=-21473.139004605535)"
7143,"_Line(m=84908.50206379856, b=-99392.34945046686)"
6317,"_Line(m=84636.18468536188, b=-34809.55998042063)"
7026,"_Line(m=84839.93125260183, b=-83130.09586704896)"
6543,"_Line(m=84736.94609930499, b=-58706.136911167836)"
7556,"_Line(m=84612.28642492952, b=-29141.848536284248)"
6854,"_Line(m=84854.02335741837, b=-86472.17944533785)"
7372,"_Line(m=84641.82112025183, b=-36146.29687892156)"
7367,"_Line(m=85633.91928000464, b=-271432.29644590267)"
7308,"_Line(m=84523.80454069808, b=-8157.484871956043)"
6554,"_Line(m=85172.35449221627, b=-161967.59137400961)"
7624,"_Line(m=84568.4785117076, b=-18752.363836570916)"
6801,"_Line(m=84515.38141582023, b=-6159.856575927772)"
6553,"_Line(m=84495.22141925135, b=-1378.7117896517916)"
7124,"_Line(m=84614.58074605437, b=-29685.9697342533)"
6485,"_Line(m=85120.65649387745, b=-0.0)"
7050,"_Line(m=88789.37493222744, b=-1019780.1589270604)"
6978,"_Line(m=84679.33309693268, b=-45042.63726855587)"
7570,"_Line(m=84679.30821231258, b=-45036.7356320498)"
7608,"_Line(m=84589.76188356188, b=-23799.928305534915)"
7694,"_Line(m=85605.34841827898, b=-264656.430879045)"
7659,"_Line(m=86808.7842970935, b=-550063.2838986947)"
7510,"_Line(m=92966.19629127886, b=-2010355.1124396937)"
7541,"_Line(m=93057.04541228808, b=-2031900.8899782381)"
7535,"_Line(m=84913.13110011915, b=-100490.17170425707)"
6809,"_Line(m=84494.34126827215, b=-1169.9751834211613)"
6788,"_Line(m=85001.24008121774, b=-121386.09766159665)"
6547,"_Line(m=84594.60220665194, b=-24947.859329572315)"
6963,"_Line(m=84557.15456463741, b=-16066.776549409029)"
7223,"_Line(m=84622.60935838058, b=-31590.035433535042)"
7211,"_Line(m=84586.65147805339, b=-23062.26453514214)"
6810,"_Line(m=84557.37888600954, b=-16119.976606021635)"
6577,"_Line(m=84541.19615806756, b=-12282.080847300991)"
7129,"_Line(m=84573.57412390751, b=-19960.839225905565)"
6544,"_Line(m=84534.07417009368, b=-10593.030179412897)"
6680,"_Line(m=84586.36193857726, b=-22993.597352984827)"
7543,"_Line(m=84710.02559755553, b=-52321.670716270186)"
7421,"_Line(m=84751.90464088408, b=-62253.70463207036)"
7024,"_Line(m=84602.09354525927, b=-26724.505193688048)"
7442,"_Line(m=86127.56728157587, b=-388505.85649853584)"
7022,"_Line(m=85321.5031571914, b=-197339.68875951093)"
7006,"_Line(m=84934.25819971952, b=-105500.67464548006)"
7096,"_Line(m=85207.64254865043, b=-170336.5068379374)"
7435,"_Line(m=84647.95403884047, b=-37600.77985140643)"
7521,"_Line(m=84693.48560178942, b=-48399.0453203832)"
6842,"_Line(m=84841.64789564276, b=-83537.2149306378)"
7075,"_Line(m=84738.16529895415, b=-58995.282299966006)"
7156,"_Line(m=84725.50201957732, b=-55992.05896296247)"
6751,"_Line(m=84789.39841857973, b=-71145.7289503685)"
6331,"_Line(m=84826.04383841608, b=-79836.55671875873)"
7695,"_Line(m=84950.36364520158, b=-109320.24209600329)"
7034,"_Line(m=84803.22513270553, b=-74424.87247244328)"
7489,"_Line(m=84784.12526282466, b=-69895.14733149581)"
6824,"_Line(m=85688.12677228173, b=-284288.14531433483)"
7702,"_Line(m=85105.56950905401, b=-146128.86476724452)"
7069,"_Line(m=84844.85655762433, b=-84298.18120618895)"
7412,"_Line(m=85242.01201686988, b=-178487.5699208616)"
7068,"_Line(m=84644.875685824, b=-36870.71765001807)"
7567,"_Line(m=84617.70256665422, b=-30426.34070771608)"
7583,"_Line(m=84630.17954790307, b=-33385.381580688234)"
7699,"_Line(m=84523.93034910662, b=-8187.321594126275)"
6535,"_Line(m=85020.42190795504, b=-125935.2596906161)"
7035,"_Line(m=84523.85792447902, b=-8170.14536944498)"
7004,"_Line(m=84707.94271622151, b=-51827.69457909449)"
6507,"_Line(m=84617.70264335205, b=-30426.358897374823)"
7681,"_Line(m=84584.3190470577, b=-22509.105200200305)"
6589,"_Line(m=87953.52439877711, b=-821549.8464139812)"
7117,"_Line(m=84544.90636528752, b=-13161.99359158933)"
6838,"_Line(m=85154.96229916418, b=-157842.85886977473)"
6550,"_Line(m=85007.22012785178, b=-122804.32552132384)"
6813,"_Line(m=85251.28622413348, b=-180687.0409154936)"
6439,"_Line(m=84574.45464847313, b=-20169.664431886566)"
6979,"_Line(m=84533.83183034266, b=-10535.556884068108)"
7036,"_Line(m=84585.73030058666, b=-22843.79808713278)"
6967,"_Line(m=84572.751687042, b=-19765.790098879297)"
7503,"_Line(m=84793.52291440537, b=-72123.89438038153)"
7265,"_Line(m=84653.89305617052, b=-39009.277201401565)"
6534,"_Line(m=84518.99602533538, b=-7017.097368537353)"
7654,"_Line(m=84533.42646201212, b=-10439.41973079422)"
6313,"_Line(m=84564.25955187737, b=-17751.79532323969)"
6561,"_Line(m=84575.51085121911, b=-20420.15347512101)"
7413,"_Line(m=84660.41492436227, b=-40556.00346175229)"
7184,"_Line(m=84655.03426416004, b=-39279.926088194035)"
7554,"_Line(m=84575.20974014293, b=-20348.741972299293)"
7437,"_Line(m=84662.76544306045, b=-41113.45247621728)"
7491,"_Line(m=84667.1558178196, b=-42154.673754097166)"
7618,"_Line(m=84615.78909156506, b=-29972.540955572906)"
7196,"_Line(m=84652.63918616399, b=-38711.909390651395)"
7141,"_Line(m=86824.2869796099, b=-0.0)"
6724,"_Line(m=84650.65517840955, b=-38241.38211160481)"
6413,"_Line(m=84537.50809961022, b=-11407.420903558925)"
6784,"_Line(m=84571.3435384633, b=-19431.83358195709)"
7169,"_Line(m=84793.52056282124, b=-72123.33667868706)"
7317,"_Line(m=84614.36915793295, b=-29635.789495378704)"
7685,"_Line(m=84564.27002018111, b=-17754.277986150337)"
7635,"_Line(m=84523.10247954803, b=-7990.984049610376)"
7097,"_Line(m=84554.61283295041, b=-15463.979462520074)"
6601,"_Line(m=84537.49209051576, b=-11403.624186720508)"
7402,"_Line(m=84667.8473407526, b=-42318.675332887186)"
7403,"_Line(m=84805.21372562507, b=-74896.48716924424)"
6940,"_Line(m=84636.63451559561, b=-34916.24171865652)"
6857,"_Line(m=84574.60659096079, b=-20205.699112261358)"
6679,"_Line(m=84652.68949679751, b=-38723.84106049357)"
6761,"_Line(m=85871.35951970545, b=-327743.6236933445)"
6812,"_Line(m=85596.46234633782, b=-262549.0100574755)"
6922,"_Line(m=85180.57286257925, b=-163916.66008929655)"
7478,"_Line(m=85436.49979227025, b=-224612.29073480968)"
7511,"_Line(m=84610.51535922571, b=-28721.822593971177)"
6941,"_Line(m=84930.72167417305, b=-104661.95224687997)"
6880,"_Line(m=84793.37935433294, b=-72089.84767360009)"
7501,"_Line(m=84621.71695405192, b=-31378.39282295648)"
6789,"_Line(m=84902.49680429051, b=-97968.14210553915)"
7151,"_Line(m=85209.25645014664, b=-170719.25971677728)"
6432,"_Line(m=84908.66324365583, b=-99430.5748654139)"
7012,"_Line(m=85044.0269460079, b=-131533.4305152316)"
7304,"_Line(m=84821.5048556931, b=-78760.09157617493)"
7690,"_Line(m=84560.48504259899, b=-16856.632702776624)"
6447,"_Line(m=85227.71069653414, b=-175095.86879003365)"
6715,"_Line(m=84691.58565633133, b=-47948.4542555374)"
7208,"_Line(m=84735.60162623329, b=-58387.28167748452)"
6346,"_Line(m=85796.91431615587, b=-310088.19921952405)"
6336,"_Line(m=84670.430018725, b=-42931.183240821025)"
6387,"_Line(m=84643.9034368791, b=-36640.13909025127)"
6385,"_Line(m=84644.26811630583, b=-36726.62646309153)"
7195,"_Line(m=86983.31227885462, b=-0.0)"
6900,"_Line(m=84800.92928157377, b=-73880.38841803442)"
6396,"_Line(m=84575.26395709379, b=-20361.60006436179)"
6750,"_Line(m=84800.53438754105, b=-73786.73534923614)"
7152,"_Line(m=85155.97062907771, b=-158081.99439206952)"
6372,"_Line(m=85661.71121216848, b=-278023.43107787636)"
6999,"_Line(m=84931.01547277665, b=-104731.62952370937)"
6799,"_Line(m=86573.55398380011, b=-0.0)"
7688,"_Line(m=84525.64298131393, b=-8593.489448413886)"
6576,"_Line(m=85269.86389901223, b=-185092.92228973794)"
6581,"_Line(m=84525.54010531223, b=-8569.091375850801)"
6332,"_Line(m=84586.19864983267, b=-22954.871794316125)"
6693,"_Line(m=84592.88530240752, b=-24540.67831896735)"
6826,"_Line(m=85053.17544678837, b=-133703.08896033288)"
6858,"_Line(m=85940.5673255759, b=-344156.9469335821)"
7354,"_Line(m=84874.26388744218, b=-91272.42354578592)"
6548,"_Line(m=84843.44480561139, b=-83963.37009879474)"
6683,"_Line(m=84642.45377888277, b=-36296.33819984117)"
7054,"_Line(m=85766.29336621649, b=-302826.1347319038)"
6787,"_Line(m=85100.87831455881, b=-145016.3010807679)"
7419,"_Line(m=84780.82090099376, b=-69111.48487967733)"
7504,"_Line(m=85442.84025255484, b=-226115.9942959095)"
6426,"_Line(m=84947.91407079565, b=-108739.30102989929)"
6952,"_Line(m=84929.9497148552, b=-104478.87437506123)"
6545,"_Line(m=84961.24231593419, b=-111900.22764695078)"
6714,"_Line(m=84881.17907524895, b=-92912.42948603902)"
7390,"_Line(m=84967.9885103496, b=-113500.15511451205)"
6546,"_Line(m=84856.95569815171, b=-87167.61337365997)"
6364,"_Line(m=84823.59322527447, b=-79255.36930609577)"
7106,"_Line(m=84959.00324395353, b=-111369.20933602053)"
7580,"_Line(m=84924.14306252828, b=-103101.76870920618)"
7652,"_Line(m=84924.0240971652, b=-103073.5548836999)"
7527,"_Line(m=87650.1141811589, b=-749593.0792036436)"
6488,"_Line(m=89334.23904548204, b=-1149000.1320265236)"
6815,"_Line(m=84547.65258610623, b=-13813.287320952095)"
6722,"_Line(m=84676.71119286669, b=-44420.82650026284)"
7610,"_Line(m=85056.47372516712, b=-134485.30866063255)"
6749,"_Line(m=84547.65255897846, b=-13813.28088733259)"
7393,"_Line(m=84665.87660510703, b=-0.0)"
7086,"_Line(m=84744.6582120062, b=-0.0)"
6352,"_Line(m=85785.78898809386, b=-307449.7164163384)"
7703,"_Line(m=86135.90676313323, b=-390483.647944675)"
6980,"_Line(m=84536.44227993254, b=-11154.651108800288)"
6604,"_Line(m=84637.21231401709, b=-0.0)"
6668,"_Line(m=84931.08852462527, b=-104748.95450013006)"
7017,"_Line(m=84889.31258624102, b=-0.0)"
6926,"_Line(m=84553.62634414622, b=-15230.023777716502)"
7649,"_Line(m=84510.56607592702, b=-5017.850566853984)"
6687,"_Line(m=87707.25756847642, b=-763145.204939868)"
6330,"_Line(m=84739.86829910702, b=-59399.165816218796)"
7185,"_Line(m=85844.35444708185, b=-321339.10066992784)"
7053,"_Line(m=84731.39623969697, b=-57389.932206535465)"
7366,"_Line(m=84736.79762814104, b=-58670.92548992608)"
7494,"_Line(m=84704.28872079437, b=-50961.11302359221)"
7409,"_Line(m=85486.88195578303, b=-236560.92463350005)"
7664,"_Line(m=85095.34092115119, b=-143703.05286021403)"
7552,"_Line(m=85214.69848459386, b=-172009.8926062781)"
7300,"_Line(m=85394.27748957879, b=-214598.8494285046)"
6658,"_Line(m=85030.88890266653, b=-128417.6121563918)"
7555,"_Line(m=84738.47299142787, b=-59068.25464703516)"
7100,"_Line(m=85006.08591079935, b=-122535.33460517188)"
6251,"_Line(m=84961.67638408055, b=-112003.17124854393)"
6734,"_Line(m=84723.46639123693, b=-55509.2893457509)"
7329,"_Line(m=85304.51337116002, b=-193310.3911043115)"
7448,"_Line(m=84691.14926408738, b=-47844.959470959235)"
7042,"_Line(m=84619.13385253196, b=-30765.784466480738)"
7134,"_Line(m=84646.67887564859, b=-37298.3621488189)"
6873,"_Line(m=86362.76915683705, b=-444286.3332354735)"
6320,"_Line(m=84730.57066512332, b=-57194.13894064646)"
7044,"_Line(m=87700.16478513257, b=-761463.0804420415)"
7048,"_Line(m=84652.06753856783, b=-38576.337446745245)"
7136,"_Line(m=85312.77403337043, b=-195269.48975413243)"
6696,"_Line(m=85010.79694755707, b=-123652.60408263706)"
6728,"_Line(m=84782.12913958392, b=-69421.74674372234)"
7320,"_Line(m=84602.92818322033, b=-26922.447932530038)"
6443,"_Line(m=84652.0675392022, b=-38576.33759719433)"
7293,"_Line(m=84779.70559564776, b=-68846.9790638204)"
7450,"_Line(m=84779.68284665875, b=-68841.5839135879)"
6513,"_Line(m=87419.7901978695, b=-0.0)"
6981,"_Line(m=84594.90724012058, b=-25020.201066996873)"
6817,"_Line(m=84684.82930296774, b=-46346.11749183128)"
6666,"_Line(m=84555.11687396844, b=-15583.517830355153)"
7676,"_Line(m=84750.90818834644, b=-62017.385948242605)"
6564,"_Line(m=84591.74503675487, b=-24270.25291678649)"
6333,"_Line(m=84612.7791534706, b=-29258.704037089272)"
6874,"_Line(m=84748.9353055592, b=-61549.497066417454)"
6830,"_Line(m=84546.51485688804, b=-13543.463459564822)"
6960,"_Line(m=84632.45460205532, b=-0.0)"
7202,"_Line(m=84618.59902809472, b=-30638.94550294282)"
7497,"_Line(m=84551.1314283086, b=-14638.32953766715)"
7671,"_Line(m=84618.95651073624, b=-30723.726086208608)"
6846,"_Line(m=84643.3843623399, b=-0.0)"
7071,"_Line(m=84975.4400179359, b=-115267.35465367977)"
6494,"_Line(m=85470.66665075012, b=-232715.30289189884)"
7507,"_Line(m=84809.13136723779, b=-75825.59505411398)"
7512,"_Line(m=84804.07732854164, b=-74626.9792369341)"
7282,"_Line(m=84799.55624704664, b=-73554.75954957976)"
7000,"_Line(m=84730.5913874644, b=-57199.053451057174)"
6736,"_Line(m=84615.50259372563, b=-29904.595127966597)"
7383,"_Line(m=84766.78828810801, b=-65783.51040769879)"
6717,"_Line(m=84602.94032243859, b=-26925.32686953656)"
7146,"_Line(m=84632.63769258921, b=-33968.355174455784)"
6921,"_Line(m=84509.56607188648, b=-4780.689608596792)"
7067,"_Line(m=84497.81781073334, b=-1994.4719935152539)"
6363,"_Line(m=84509.56612678086, b=-4780.702627353131)"
7598,"_Line(m=84805.62875630651, b=-74994.91584565434)"
7601,"_Line(m=84489.95153268702, b=-128.90549205185442)"
7604,"_Line(m=84647.71204073739, b=-37543.38758127801)"
6505,"_Line(m=89280.38686027132, b=-1136228.5477819452)"
6841,"_Line(m=84822.65467529274, b=-79032.78279242566)"
7464,"_Line(m=84496.97707361495, b=-1795.0827785204897)"
6741,"_Line(m=84822.64042998708, b=-79029.40437573395)"
7280,"_Line(m=86814.78249265955, b=-551485.81595914)"
7677,"_Line(m=85401.35467604487, b=-216277.2749707986)"
7528,"_Line(m=85945.98452674369, b=-345441.69036253047)"
7422,"_Line(m=85878.6345691221, b=-329468.9744129993)"
6923,"_Line(m=90059.46804744455, b=-0.0)"
7662,"_Line(m=86914.87214204212, b=-0.0)"
6982,"_Line(m=86276.51860975681, b=-0.0)"
6639,"_Line(m=84803.37492311402, b=-74460.39676572141)"
7292,"_Line(m=86156.57223942163, b=-0.0)"
7030,"_Line(m=85964.61267411495, b=-0.0)"
7488,"_Line(m=85362.64942868928, b=-0.0)"
7479,"_Line(m=84865.03099764211, b=-89082.7514008019)"
7283,"_Line(m=86076.08757237594, b=-376296.9286646771)"
6327,"_Line(m=84841.2688576325, b=-83447.32227612137)"
7443,"_Line(m=85038.32570805226, b=-130181.32492167182)"
6521,"_Line(m=85473.71467553145, b=-233438.1724490383)"
7290,"_Line(m=86179.29061238411, b=-400772.5616330151)"
7352,"_Line(m=84616.18533340067, b=-30066.513669303076)"
7545,"_Line(m=85630.11419088003, b=-270529.8815091085)"
6681,"_Line(m=84845.00105614815, b=-84332.4504760924)"
7441,"_Line(m=84710.87249302008, b=-52522.520444641865)"
7423,"_Line(m=84593.2732147825, b=-24632.675617820347)"
7284,"_Line(m=84576.09444058727, b=-20558.557529674883)"
7275,"_Line(m=84658.58596323946, b=-40122.247041869254)"
7573,"_Line(m=84576.13728612081, b=-20568.718776408215)"
7271,"_Line(m=85277.5008601124, b=-186904.1039842595)"
6965,"_Line(m=84626.87361071672, b=-32601.34551757658)"
7210,"_Line(m=85271.463646604, b=-185472.31842860184)"
6664,"_Line(m=89686.9207188947, b=-1232642.1176930703)"
7324,"_Line(m=88405.25217807735, b=-928681.606552823)"
6968,"_Line(m=85548.1455589169, b=-0.0)"
6954,"_Line(m=84729.60159521006, b=-56964.31432001895)"
6953,"_Line(m=88548.56611193254, b=-962669.9391059249)"
7277,"_Line(m=95103.7718317475, b=-2517302.5276172315)"
7269,"_Line(m=84775.77602169581, b=-0.0)"
7405,"_Line(m=86584.09031140928, b=-496774.8582538251)"
7674,"_Line(m=84729.56744577024, b=-56956.215438867766)"
7375,"_Line(m=88255.83287946091, b=-893245.3256929489)"
7020,"_Line(m=92375.30723087529, b=-1870219.8628743824)"
6740,"_Line(m=89150.3920959299, b=-1105398.989470734)"
6509,"_Line(m=85062.1345242503, b=-135827.82377119694)"
7085,"_Line(m=84686.97543375277, b=-46855.09386880522)"
6424,"_Line(m=84686.98167995186, b=-46856.57521737923)"
7440,"_Line(m=84565.74437866831, b=-18103.936844978787)"
6663,"_Line(m=84723.61188381571, b=-55543.79436573501)"
7584,"_Line(m=84568.20732154808, b=-18688.048378343843)"
6329,"_Line(m=84704.69620335083, b=-51057.751586684295)"
7593,"_Line(m=84596.8058281888, b=-25470.47021325295)"
6763,"_Line(m=84568.88440240122, b=-18848.624873474084)"
7322,"_Line(m=84647.66356030779, b=-37531.889962597204)"
7482,"_Line(m=85565.57023856153, b=-255222.6377772514)"
6675,"_Line(m=84767.77219403583, b=-66016.85353753773)"
6762,"_Line(m=88839.42865492692, b=-1031650.8998024683)"
7110,"_Line(m=87011.5910012356, b=-598160.921853037)"
7295,"_Line(m=87765.65214578477, b=-776994.0628943176)"
7398,"_Line(m=84696.36651914398, b=-49082.28368018749)"
6450,"_Line(m=85050.95357006919, b=-133176.14867761)"
6435,"_Line(m=84612.26975387502, b=-29137.8948289996)"
7408,"_Line(m=85236.89226947236, b=-177273.37062806706)"
6496,"_Line(m=87666.3075535541, b=-753433.4994008932)"
7680,"_Line(m=86683.67413615953, b=-520392.15813159617)"
6316,"_Line(m=84599.2301046751, b=-26045.411624744065)"
6767,"_Line(m=84939.64564428285, b=-106778.36099812032)"
7181,"_Line(m=86053.670887577, b=-370980.5876977616)"
7557,"_Line(m=85528.23583360235, b=-246368.41029713105)"
7560,"_Line(m=86198.23709748905, b=-405265.91004050313)"
7558,"_Line(m=90589.68559929743, b=-0.0)"
7433,"_Line(m=84833.73942698276, b=-81661.64250323246)"
7663,"_Line(m=93433.23768088302, b=-0.0)"
7039,"_Line(m=94201.34281237827, b=-0.0)"
6631,"_Line(m=90400.83041396504, b=-0.0)"
6455,"_Line(m=90159.9093654348, b=-0.0)"
6425,"_Line(m=93320.56064835633, b=-0.0)"
7080,"_Line(m=89440.14056134934, b=-0.0)"
7689,"_Line(m=91145.20278537812, b=-0.0)"
7642,"_Line(m=94520.84457671965, b=-0.0)"
6974,"_Line(m=93633.75614743806, b=-0.0)"
6370,"_Line(m=93660.3105368606, b=-0.0)"
6580,"_Line(m=89189.73796937942, b=-0.0)"
7564,"_Line(m=88991.73631687243, b=-0.0)"
7634,"_Line(m=94255.93171135748, b=-2316228.7646655403)"
6882,"_Line(m=88581.43037587397, b=-970464.0279422713)"
7342,"_Line(m=85030.05614895342, b=-128220.1162857912)"
6641,"_Line(m=85024.87015774629, b=-126990.20661110987)"
6792,"_Line(m=84781.96239255888, b=-69382.20101926387)"
7172,"_Line(m=84767.36480442097, b=-65920.2370164786)"
7684,"_Line(m=85043.30237189238, b=-131361.59051799992)"
6746,"_Line(m=84984.53109953534, b=-117423.3955658031)"
7615,"_Line(m=85325.00856923114, b=-198171.03227885754)"
7636,"_Line(m=85226.1365509529, b=-174722.54442399065)"
6881,"_Line(m=85042.61848487069, b=-131199.39987193327)"
6730,"_Line(m=85042.63351580582, b=-131202.96460850898)"
6745,"_Line(m=84926.91473919126, b=-103759.09954659875)"
6747,"_Line(m=85000.80561210579, b=-121283.05896700967)"
7655,"_Line(m=84489.65810993168, b=-59.317351396595974)"
7639,"_Line(m=84600.66718310173, b=-26386.229144409048)"
6755,"_Line(m=84600.67086472413, b=-26387.102277975595)"
6756,"_Line(m=85033.19302147937, b=-128964.0569740461)"
7209,"_Line(m=84585.20359439045, b=-22718.884445638214)"
6758,"_Line(m=85258.83496838705, b=-182477.301102673)"
6757,"_Line(m=84885.11470875, b=-93845.80432714967)"
6759,"_Line(m=85077.61643359243, b=-139499.5133907753)"
6752,"_Line(m=85248.01570960433, b=-179911.40568975927)"
6753,"_Line(m=85496.87895577088, b=-238931.81315062364)"
7658,"_Line(m=84917.96254783623, b=-101635.99784484398)"
6754,"_Line(m=84917.96625341308, b=-101636.87665944688)"
7665,"_Line(m=93128.41222111006, b=-2048826.242358461)"
7595,"_Line(m=85602.94075505526, b=-264085.429468905)"
7596,"_Line(m=84855.45954533113, b=-86812.78577073247)"
7605,"_Line(m=85602.91553686549, b=-264079.4487230173)"
6942,"_Line(m=84921.1903520763, b=-102401.50389841697)"
6324,"_Line(m=85163.56834175157, b=-159883.86792980423)"
7170,"_Line(m=84583.86134440398, b=-22400.556438850042)"
7107,"_Line(m=84583.86938872581, b=-22402.464230211695)"
6571,"_Line(m=84536.54715166103, b=-11179.522487932061)"
6768,"_Line(m=84537.10242804285, b=-11311.211834644244)"
6919,"_Line(m=84529.70879846459, b=-9557.738643862715)"
7226,"_Line(m=84571.96621918703, b=-19579.508542394808)"
6518,"_Line(m=84529.53263724677, b=-9515.960249439817)"
7033,"_Line(m=84760.09901188292, b=-64197.08165815379)"
7637,"_Line(m=84770.9287761873, b=-66765.46856057794)"
7399,"_Line(m=84594.61323806565, b=-24950.47553964738)"
6642,"_Line(m=84751.77555135789, b=-62223.0897600385)"
7458,"_Line(m=84628.89419600338, b=-33080.54752416073)"
6351,"_Line(m=85136.38767623676, b=-153437.70129630947)"
7569,"_Line(m=86623.1798720233, b=-506045.33844904636)"
7244,"_Line(m=85235.57001144812, b=-176959.78391503458)"
6723,"_Line(m=92375.05925469463, b=-1870161.052843376)"
7526,"_Line(m=84610.50963524473, b=-28720.465094639854)"
7207,"_Line(m=84610.50854734902, b=-28720.207089293144)"
7115,"_Line(m=85156.02156412958, b=-158094.07414897153)"
6420,"_Line(m=85937.94907825124, b=-343536.00339806714)"
7597,"_Line(m=85665.59127420491, b=-278943.62659043603)"
7298,"_Line(m=86168.91239038762, b=-398311.2625043273)"
6398,"_Line(m=90014.07493256801, b=-1041463.618773304)"
7310,"_Line(m=84569.79222600229, b=-19063.92431870633)"
7007,"_Line(m=84658.38368029817, b=-18936.401614177506)"
7640,"_Line(m=84781.19554217726, b=-69200.33478275537)"
7565,"_Line(m=84658.34866953643, b=-40065.9704672575)"
7576,"_Line(m=84658.35261743996, b=-40066.9067520591)"
6777,"_Line(m=85235.70522097436, b=-176991.85020627495)"
7018,"_Line(m=88224.32369895055, b=-0.0)"
7629,"_Line(m=87025.34241268507, b=-601422.2065923931)"
7623,"_Line(m=85562.54759234532, b=-0.0)"
7616,"_Line(m=84516.01501741006, b=-6310.121528967992)"
6984,"_Line(m=84551.40142518554, b=-14702.361997001752)"
6932,"_Line(m=84647.511377145, b=-37495.79820370973)"
7076,"_Line(m=84644.0102542275, b=-36665.47189259148)"
6969,"_Line(m=84548.13819120625, b=-13928.453426471437)"
7261,"_Line(m=84687.78260756168, b=-47046.52320932528)"
6661,"_Line(m=84544.81430835373, b=-13140.161369167578)"
6400,"_Line(m=97942.9809025413, b=-0.0)"
6563,"_Line(m=84553.09757220963, b=-15104.620225234663)"
7190,"_Line(m=84705.22627731839, b=-51183.4639288297)"
7660,"_Line(m=84565.85820184942, b=-18130.93115060562)"
7445,"_Line(m=84545.93083175195, b=-13404.956058292257)"
7646,"_Line(m=84591.61561461727, b=-24239.559162629812)"
7446,"_Line(m=84524.11894280382, b=-8232.048475352936)"
7704,"_Line(m=84623.45524763953, b=-31790.646530189893)"
6626,"_Line(m=84624.34650738083, b=-32002.017690439814)"
7396,"_Line(m=84742.26691810922, b=-59968.022298783195)"
6307,"_Line(m=84568.63241051903, b=-18788.862478693245)"
6348,"_Line(m=84572.33538545964, b=-19667.06001560516)"
7139,"_Line(m=98719.03861756681, b=-0.0)"
7602,"_Line(m=84627.11619552487, b=-32658.876930675553)"
7031,"_Line(m=84658.66169277013, b=-40140.20705736082)"
7454,"_Line(m=84542.50761173725, b=-12593.10519960282)"
7188,"_Line(m=84591.26320526598, b=-24155.981760878636)"
7201,"_Line(m=89435.66753384398, b=-1173054.9123264388)"
7600,"_Line(m=84553.50846772509, b=-15202.068205680567)"
6866,"_Line(m=84716.74033872184, b=-53914.13873126934)"
6342,"_Line(m=84717.70044357983, b=-54141.837199389556)"
7302,"_Line(m=84707.97901191578, b=-51836.302465945555)"
6567,"_Line(m=85013.74956678374, b=-124352.84725842964)"
7003,"_Line(m=84530.22257943453, b=-9679.586938691802)"
6374,"_Line(m=84905.07261286555, b=-98579.0208671949)"
7135,"_Line(m=93742.83735021162, b=-0.0)"
7387,"_Line(m=84619.66887234837, b=-30892.6697661345)"
6863,"_Line(m=84686.7762273357, b=-46807.85007493647)"
7669,"_Line(m=88544.38815954584, b=-0.0)"
7287,"_Line(m=84640.87788801009, b=-35922.59992047144)"
7025,"_Line(m=84636.13485396579, b=-34797.74196652822)"
7384,"_Line(m=84609.15228685847, b=-28398.55635135384)"
7220,"_Line(m=84819.67648469585, b=-78326.47511046642)"
7519,"_Line(m=84581.38152921222, b=-21812.443467970712)"
6630,"_Line(m=84581.38728982111, b=-21813.809653977678)"
7456,"_Line(m=84661.6285465976, b=-40843.82611108603)"
6655,"_Line(m=84562.81209721733, b=-17408.516976060553)"
6632,"_Line(m=84737.73852178459, b=-58894.06782643042)"
7683,"_Line(m=85500.49531680264, b=-239789.46933291142)"
7339,"_Line(m=84620.62353709895, b=-31119.078058381143)"
6511,"_Line(m=84734.77118889001, b=-58190.33515715254)"
7627,"_Line(m=84772.73834211788, b=-67194.62521668038)"
7693,"_Line(m=84543.73727728693, b=-12884.732681364074)"
6514,"_Line(m=84845.67869604725, b=-84493.1595545639)"
7522,"_Line(m=84537.7997858543, b=-11476.597213203804)"
6877,"_Line(m=93987.03239406749, b=-0.0)"
7231,"_Line(m=84650.47957358678, b=-38199.73567183853)"
7477,"_Line(m=85041.70702950338, b=-130983.23911702404)"
7603,"_Line(m=85473.89303564244, b=-233480.47233296244)"
7591,"_Line(m=86973.62138891254, b=-589156.0485944947)"
7171,"_Line(m=86408.67650282125, b=-455173.71940908936)"
6868,"_Line(m=84728.58075412853, b=-56722.21164912404)"
7439,"_Line(m=84799.15621446274, b=-73459.88782198461)"
7406,"_Line(m=84728.56025817378, b=-56717.35082849045)"
7670,"_Line(m=84707.85933335836, b=-51807.9194992656)"
7475,"_Line(m=84708.54923932371, b=-51971.53759801197)"
7098,"_Line(m=91823.23276362286, b=-0.0)"
6803,"_Line(m=89159.30429994497, b=-0.0)"
6904,"_Line(m=92163.77587603653, b=-0.0)"
7316,"_Line(m=93033.26863193006, b=-0.0)"
7392,"_Line(m=92329.62729946597, b=-0.0)"
7548,"_Line(m=85088.1450837109, b=-141996.48805287672)"
7104,"_Line(m=89558.39866406294, b=-1202161.827169165)"
7163,"_Line(m=86038.4452913449, b=-367369.6852953563)"
6931,"_Line(m=84921.83303711878, b=-102553.92308308589)"
7609,"_Line(m=84718.57352766726, b=-0.0)"
6887,"_Line(m=88054.47567378992, b=-845491.4507960156)"
7032,"_Line(m=86152.82064561493, b=-394494.94431403343)"
7622,"_Line(m=85973.04131919106, b=-351858.47925934993)"
7633,"_Line(m=90740.97660356783, b=-1482622.0113021508)"
7611,"_Line(m=90118.47244639545, b=-1334988.925387146)"
7249,"_Line(m=85176.72822056564, b=-163004.8647893451)"
7698,"_Line(m=85833.69595368713, b=-318811.3323764429)"
7431,"_Line(m=85360.54358480324, b=-206598.5165719379)"
6323,"_Line(m=86647.24637810125, b=-511752.9510304929)"
7327,"_Line(m=85503.76784370413, b=-240565.5818128747)"
6800,"_Line(m=85158.77745075816, b=-158747.66022180437)"
6956,"_Line(m=85695.16947887797, b=-285958.3936106975)"
7064,"_Line(m=85428.25726968172, b=-222657.4940777176)"
7318,"_Line(m=85048.35124133847, b=-132558.98039583172)"
7447,"_Line(m=84714.36024987488, b=-53349.6768603276)"
7539,"_Line(m=85035.43940088534, b=-129496.80831396591)"
6669,"_Line(m=84720.63234157955, b=-54837.16612900413)"
6731,"_Line(m=84792.20777921959, b=-71811.9969197183)"
7647,"_Line(m=84708.54998103397, b=-51971.71350201704)"
6328,"_Line(m=90613.59870179242, b=-0.0)"
7493,"_Line(m=85704.3583785862, b=-0.0)"
7455,"_Line(m=89965.19417426821, b=-408021.72336543014)"
7145,"_Line(m=84691.84911254332, b=-48010.93553077451)"
6417,"_Line(m=84988.11548410782, b=-118273.46821100896)"
7351,"_Line(m=84715.55456210978, b=-53632.9199499542)"
7236,"_Line(m=85714.76845648584, b=-290606.4871401812)"
6453,"_Line(m=86169.64719033118, b=-398485.5276589418)"
6475,"_Line(m=85699.9774825209, b=-287098.6597546587)"
7090,"_Line(m=84669.45233576979, b=-42699.315951162534)"
6438,"_Line(m=85138.4420751977, b=-153924.92255388733)"
7213,"_Line(m=84860.48219318983, b=-88003.95693689828)"
6624,"_Line(m=87308.05560925746, b=-668470.4682914988)"
7066,"_Line(m=85309.91895439704, b=-194592.37922479928)"
6526,"_Line(m=87647.1338535457, b=-748886.2647069)"
6936,"_Line(m=87357.75885078427, b=-680258.0890519988)"
6872,"_Line(m=84732.91460435496, b=-57750.02756881553)"
7679,"_Line(m=84813.22612300106, b=-76796.7073309326)"
6883,"_Line(m=85591.69964693092, b=-0.0)"
7072,"_Line(m=93103.94894804386, b=-0.0)"
6933,"_Line(m=87988.70955786898, b=-829894.3587442074)"
7165,"_Line(m=84629.17614446515, b=-33147.414421356836)"
7168,"_Line(m=84867.32922645737, b=-89627.79934662866)"
6583,"_Line(m=84876.3002923717, b=-0.0)"
6335,"_Line(m=84851.02730209986, b=-85761.63496600221)"
7140,"_Line(m=84992.0571934963, b=-119208.2840095826)"
6733,"_Line(m=84950.40635458578, b=-109330.37105356067)"
6853,"_Line(m=87944.75773852013, b=-819470.7452674316)"
6538,"_Line(m=85320.75275730796, b=-197161.72392315575)"
7180,"_Line(m=84905.5195178951, b=-98685.00886399894)"
7234,"_Line(m=85320.50710986937, b=-197103.46617662106)"
6431,"_Line(m=87166.09417348649, b=-634802.8941840533)"
7009,"_Line(m=84606.10685099087, b=-27676.300780993377)"
6616,"_Line(m=84604.13259033689, b=-27208.08512429536)"
7487,"_Line(m=86124.50039792227, b=-387778.5143712452)"
7130,"_Line(m=84903.78437848896, b=-98273.50320244199)"
7084,"_Line(m=85886.27183068264, b=-331280.2273646953)"
6441,"_Line(m=85173.80675244181, b=-162312.0094091005)"
6350,"_Line(m=84573.120087484, b=-19853.159947705513)"
7127,"_Line(m=84573.11639203924, b=-19852.283536027364)"
7189,"_Line(m=84730.22379240894, b=-57111.87460770314)"
6851,"_Line(m=84778.82967971238, b=-68639.24684058737)"
7037,"_Line(m=84594.95773615042, b=-25032.176705434646)"
7612,"_Line(m=84638.81839325222, b=-35434.1701436968)"
7434,"_Line(m=84587.46721808126, b=-23255.725440150556)"
7250,"_Line(m=84722.50561426215, b=-55281.43147841177)"
7459,"_Line(m=84627.3478257912, b=-32713.810364641256)"
7109,"_Line(m=84715.5693714686, b=-53636.43213749669)"
7386,"_Line(m=84975.89770573395, b=-115375.89989186502)"
6996,"_Line(m=87937.14968268207, b=-11704.089326410349)"
7166,"_Line(m=86172.44151290024, b=-0.0)"
7240,"_Line(m=85637.80326703306, b=-0.0)"
6970,"_Line(m=87208.5888181971, b=-39828.84392122984)"
7028,"_Line(m=87231.19588097684, b=-62392.32072586148)"
7509,"_Line(m=86713.71424018007, b=-24299.960279641633)"
6726,"_Line(m=86093.65039546268, b=-66234.50518351521)"
6594,"_Line(m=85715.39145864395, b=-22986.174028665333)"
6586,"_Line(m=84802.37453948669, b=-74223.14578466353)"
6506,"_Line(m=87083.70464949051, b=-28192.644120799978)"
7186,"_Line(m=84524.69943322538, b=-8369.717583729076)"
7272,"_Line(m=87060.74996795124, b=-27451.34123833591)"
7092,"_Line(m=88016.34414225239, b=-8394.12816530328)"
6676,"_Line(m=85823.55026769562, b=-44507.75933935457)"
7010,"_Line(m=86949.81005862694, b=-7923.810421130466)"
6487,"_Line(m=87810.16707351827, b=-15287.119716142653)"
7219,"_Line(m=99999.99999999999, b=-2070131.711626689)"
7247,"_Line(m=87287.86045399583, b=-41887.41848403189)"
7091,"_Line(m=86076.54368462414, b=-214964.37961665323)"
6568,"_Line(m=86316.37060810393, b=-0.0)"
7705,"_Line(m=86246.93697916296, b=-4000.509163746307)"
6477,"_Line(m=87602.83473303856, b=-28449.73021507276)"
7102,"_Line(m=86793.42434191817, b=-43640.81514922963)"
6918,"_Line(m=87745.96992965277, b=-29658.03895968136)"
7544,"_Line(m=84677.71835068427, b=-44659.68404827989)"
6861,"_Line(m=84594.96243178823, b=-25033.29032289485)"
6541,"_Line(m=84677.71699802543, b=-44659.363251709365)"
7305,"_Line(m=85385.39467530364, b=-212492.20119500905)"
7696,"_Line(m=84879.48565341561, b=-92510.8175640441)"
7551,"_Line(m=99384.01588542554, b=-3532405.2073875195)"
7650,"_Line(m=87579.5771256092, b=-732864.5111094819)"
7607,"_Line(m=89144.32868278361, b=-1103960.9904089617)"
7673,"_Line(m=86155.30489643729, b=-395084.1092390693)"
6905,"_Line(m=84914.95264510634, b=-100922.16931342061)"
7126,"_Line(m=84914.70368867439, b=-100863.12680601855)"
7425,"_Line(m=98089.2643477563, b=-3225341.93271388)"
7638,"_Line(m=99999.99999999999, b=-3678491.9999999967)"
7465,"_Line(m=84671.75273917161, b=-43244.87962193886)"
6662,"_Line(m=84630.99764250767, b=-33579.40089711785)"
7373,"_Line(m=85172.8628776033, b=-162088.16005239982)"
7150,"_Line(m=84656.89005331608, b=-39720.045044437466)"
7378,"_Line(m=84631.53514711083, b=-33706.875488801954)"
6429,"_Line(m=84785.05949011516, b=-70116.7086757112)"
7274,"_Line(m=84671.76379466677, b=-43247.50154317056)"
6997,"_Line(m=85910.69188615636, b=-337071.6877208442)"
7294,"_Line(m=88309.25483232137, b=-905914.8760333357)"
6393,"_Line(m=90193.63111263489, b=-1352813.5546724906)"
7588,"_Line(m=95977.41415395729, b=-0.0)"
7524,"_Line(m=87465.71564424437, b=-168089.80567379144)"
7533,"_Line(m=87584.96580555286, b=-230849.88443953657)"
7492,"_Line(m=87385.42382638545, b=-96332.44698907477)"
6995,"_Line(m=87756.11293293313, b=-21050.258977254005)"
6907,"_Line(m=87691.69304649807, b=-8876.696556034578)"
7481,"_Line(m=87364.57022768144, b=-14513.096940162859)"
7486,"_Line(m=87630.40805257129, b=-21008.995737714522)"
7485,"_Line(m=91442.07391322048, b=-234171.0490558035)"
7495,"_Line(m=87397.08545536017, b=-13315.920656741324)"
6818,"_Line(m=85302.52305439042, b=-23123.461930079073)"
7483,"_Line(m=87633.75845729564, b=-19383.623368072887)"
7401,"_Line(m=87956.31913557752, b=-822212.6461935632)"
6829,"_Line(m=85434.3820739407, b=-224110.05265577487)"
6619,"_Line(m=84527.30118315422, b=-8986.748596855294)"
6844,"_Line(m=85180.80698974647, b=-163972.18568827477)"
7418,"_Line(m=84534.31628155333, b=-10650.449333184943)"
7371,"_Line(m=85747.58054711652, b=-298388.20255415636)"
6852,"_Line(m=85185.77520647176, b=-165150.4479668423)"
6414,"_Line(m=85485.51595091875, b=-236236.96291988785)"
6930,"_Line(m=86852.06820186315, b=-560328.4947538617)"
7123,"_Line(m=92447.28842168655, b=-0.0)"
6358,"_Line(m=99999.99999999999, b=-3678491.9999999967)"
6716,"_Line(m=84583.97627600867, b=-22427.813618215452)"
7359,"_Line(m=85227.74784651495, b=-175104.67927948447)"
7254,"_Line(m=96982.6508557007, b=-0.0)"
7350,"_Line(m=85355.94907746481, b=-205508.8832115578)"
6695,"_Line(m=84804.42105804587, b=-74708.49812615916)"
6552,"_Line(m=85952.82831737617, b=-347064.7637489367)"
7125,"_Line(m=84820.03754055686, b=-78412.10311846851)"
6674,"_Line(m=90627.2826291881, b=-1455658.348338252)"
6971,"_Line(m=84913.64883215715, b=-0.0)"
6559,"_Line(m=84993.41786930645, b=-119530.98188471864)"
6670,"_Line(m=84727.33875703556, b=-56427.65961855365)"
6516,"_Line(m=84814.69688506666, b=-77145.51326241034)"
6562,"_Line(m=84572.9738408112, b=-19818.476086783267)"
6657,"_Line(m=84637.5832849185, b=-35141.25185127001)"
6948,"_Line(m=84671.4188151376, b=-43165.686198033094)"
6446,"_Line(m=84563.67574096785, b=-17613.338727935174)"
7081,"_Line(m=84755.6417095461, b=-63139.987835946646)"
6451,"_Line(m=84523.9800962794, b=-8199.119633623193)"
6879,"_Line(m=84501.26849646588, b=-2812.836621850057)"
7200,"_Line(m=84936.01108205707, b=-105916.38822065365)"
6609,"_Line(m=85166.64993700023, b=-160614.69905897346)"
7661,"_Line(m=88281.8336142632, b=-0.0)"
7625,"_Line(m=84564.33425416956, b=-17769.511718852624)"
6423,"_Line(m=84540.72025911932, b=-12169.216652736533)"
6499,"_Line(m=84831.6677229684, b=-81170.31717918755)"
7021,"_Line(m=85884.18421686115, b=-330785.12887079)"
6512,"_Line(m=85001.11156920221, b=-121355.61975199693)"
7174,"_Line(m=85317.46667662177, b=-196382.39702761694)"
6515,"_Line(m=84770.40396406027, b=-66641.00411653687)"
6382,"_Line(m=84561.89262212395, b=-17190.45426291619)"
7626,"_Line(m=85147.94621625594, b=-156178.92464725868)"
7187,"_Line(m=84593.73515931395, b=-24742.230382894926)"
6585,"_Line(m=84589.9434653349, b=-23842.992238821786)"
6903,"_Line(m=85028.82984901797, b=-127929.28699310296)"
7692,"_Line(m=87107.74995054927, b=-620965.9782722653)"
7087,"_Line(m=85989.09496251316, b=-355665.7613096212)"
7451,"_Line(m=86549.08228360185, b=-19765.091124309918)"
6454,"_Line(m=86537.23946652908, b=-17635.03873020197)"
7430,"_Line(m=86529.36032047254, b=-47703.781614281404)"
7474,"_Line(m=84645.04610121126, b=-36911.13336326494)"
6629,"_Line(m=86988.99750464587, b=-26682.0170265628)"
6597,"_Line(m=86699.65993754283, b=-57680.705476022355)"
7205,"_Line(m=85249.79115873615, b=-23868.573023250512)"
7657,"_Line(m=85251.89695250186, b=-18942.390801338002)"
7334,"_Line(m=85007.94722769264, b=-27311.856379638426)"
7381,"_Line(m=84567.34485009429, b=-18483.50464836059)"
7523,"_Line(m=84771.20682936891, b=-66831.41165312986)"
6988,"_Line(m=87391.57403781479, b=-24482.39528089585)"
7038,"_Line(m=87214.7342235716, b=-81917.23629453995)"
7687,"_Line(m=84934.00884742713, b=-105441.53825582017)"
7579,"_Line(m=85762.68837292469, b=-20447.428063755982)"
6692,"_Line(m=89815.97176940444, b=-1263247.8648319577)"
7691,"_Line(m=84570.27348148407, b=-19178.058868756914)"
6379,"_Line(m=85217.63152819678, b=-172705.4932271494)"
7267,"_Line(m=84797.27134404764, b=-73012.87195433654)"
6480,"_Line(m=84721.23614121057, b=-32366.089760102073)"
6832,"_Line(m=84528.64167092662, b=-9304.658676956677)"
7227,"_Line(m=84552.75963175899, b=-15024.474267964544)"
6950,"_Line(m=84546.6907221147, b=-13585.171656719633)"
6898,"_Line(m=84619.78789120738, b=-30920.896278740776)"
7496,"_Line(m=84579.29718733024, b=-21318.1209472398)"
6836,"_Line(m=84572.05278378667, b=-19600.03820284436)"
6833,"_Line(m=84793.2340318629, b=-72055.38299660124)"
6909,"_Line(m=85092.45777735472, b=-24001.375670886202)"
6482,"_Line(m=84528.64166660528, b=-9304.657652107366)"
7379,"_Line(m=85214.42673093843, b=-171945.4435093572)"
7224,"_Line(m=84930.66826494868, b=-104649.28571522998)"
6835,"_Line(m=84771.10553338399, b=-66807.38829734753)"
7256,"_Line(m=86227.92150646923, b=-412305.8644742401)"
7346,"_Line(m=85490.09552728066, b=-237323.0552498771)"
6804,"_Line(m=85930.83986807248, b=-341849.98311206937)"
6565,"_Line(m=86282.17259735506, b=-425172.05318872706)"
7385,"_Line(m=89012.28977967935, b=-0.0)"
7452,"_Line(m=84960.74477549033, b=-111782.23095528367)"
6875,"_Line(m=85270.27194430637, b=-185189.69431169992)"
7668,"_Line(m=84622.68748957063, b=-31608.565026568078)"
7238,"_Line(m=84633.86996175771, b=-34260.60013045789)"
7306,"_Line(m=84562.78893159388, b=-17403.02301680569)"
7436,"_Line(m=84655.69078485535, b=-39435.626536293574)"
7374,"_Line(m=87057.66254869077, b=-609087.2500475061)"
6989,"_Line(m=90929.44876400994, b=-21968.715361227052)"
6649,"_Line(m=90789.4613820956, b=-26252.998785782824)"
6598,"_Line(m=90946.89785536018, b=-23122.51077798825)"
7514,"_Line(m=90804.05811463542, b=-21978.947080482027)"
7360,"_Line(m=89793.11168600102, b=-0.0)"
6811,"_Line(m=90724.05517903026, b=-24542.07449864808)"
7585,"_Line(m=90054.64099037038, b=-27079.161664892188)"
7614,"_Line(m=90555.85835558093, b=-31793.654148582136)"
7395,"_Line(m=84821.58257548422, b=-78778.52360183976)"
6634,"_Line(m=84821.54692766166, b=-78770.06936423964)"
6990,"_Line(m=86743.1748488129, b=-0.0)"
6643,"_Line(m=86492.29862811105, b=-0.0)"
6590,"_Line(m=85915.6631872051, b=-0.0)"
6452,"_Line(m=86439.65544296266, b=-0.0)"
7341,"_Line(m=86741.69493244485, b=-0.0)"
7550,"_Line(m=86521.55178721045, b=-0.0)"
6884,"_Line(m=84631.86876317626, b=-33785.995874878216)"
6373,"_Line(m=84574.61479979477, b=-20207.64591932758)"
7361,"_Line(m=84572.71243276322, b=-19756.480554125847)"
7215,"_Line(m=84600.36750569503, b=-26315.157650633533)"
7582,"_Line(m=84575.56172191554, b=-20432.217969487832)"
7449,"_Line(m=84583.0664526567, b=-22212.03991206322)"
7672,"_Line(m=90656.89864608827, b=-1462682.0829062911)"
6946,"_Line(m=85504.30277688587, b=-46774.48608324325)"
6972,"_Line(m=86589.80990727495, b=-0.0)"
6783,"_Line(m=84795.42298203497, b=-72574.51441941167)"
7471,"_Line(m=84966.82126995892, b=-113223.33238345671)"
6725,"_Line(m=85386.07180838102, b=-36055.33678158126)"
6574,"_Line(m=84841.30391093448, b=-83455.63551722572)"
7499,"_Line(m=93215.74382781905, b=-0.0)"
7253,"_Line(m=84689.63181522118, b=-47485.081297851386)"
6525,"_Line(m=84784.70524923189, b=-70032.69690783425)"
6408,"_Line(m=89610.11057414049, b=-48963.81108790811)"
7159,"_Line(m=90708.89051388174, b=-211672.66590016257)"
6436,"_Line(m=85224.36576844973, b=-57821.66240978975)"
7193,"_Line(m=88460.98867275739, b=-0.0)"
7466,"_Line(m=85464.37944914485, b=-231224.2301591911)"
7643,"_Line(m=89979.2064177597, b=-0.0)"
7513,"_Line(m=84587.66483950989, b=-23302.593338165036)"
7348,"_Line(m=84554.43804769186, b=-15422.527390602438)"
7678,"_Line(m=84591.45720607397, b=-24201.990992502524)"
6428,"_Line(m=85164.35021502929, b=-0.0)"
7498,"_Line(m=84543.6103731391, b=-12854.63609366812)"
6524,"_Line(m=84611.8617142242, b=-29041.12414541153)"
7158,"_Line(m=84646.13616884114, b=-37169.65380236719)"
7052,"_Line(m=86318.21576915956, b=-433720.05181387975)"
7363,"_Line(m=95120.06507344145, b=-2521166.6328173727)"
7368,"_Line(m=87456.224578791, b=-703610.2211060784)"
6769,"_Line(m=84671.73170771282, b=-43239.89180117195)"
6928,"_Line(m=84544.59434141105, b=-13087.994009045373)"
7157,"_Line(m=85374.81224206337, b=-209982.47132774768)"
6434,"_Line(m=93414.22198175028, b=-0.0)"
7470,"_Line(m=94165.71315479306, b=-0.0)"
7043,"_Line(m=94576.717402677, b=-0.0)"
6794,"_Line(m=93851.27813889281, b=-0.0)"
6407,"_Line(m=84848.73493349868, b=-85217.97682854603)"
7011,"_Line(m=94270.63392774768, b=-0.0)"
7221,"_Line(m=94312.63691511462, b=-0.0)"
7105,"_Line(m=84570.2734811099, b=-19178.058780026266)"
6389,"_Line(m=84572.45305512576, b=-19694.96655362297)"
7014,"_Line(m=84977.97569742217, b=-115868.71640063687)"
6992,"_Line(m=85421.93459169658, b=-24055.52593146458)"
6973,"_Line(m=84976.01949695709, b=-25077.942645068273)"
6599,"_Line(m=85150.8423507938, b=-25163.938474403167)"
6411,"_Line(m=84604.84782826879, b=-27377.710952224774)"
7549,"_Line(m=89667.88488718303, b=-294848.80584203213)"
7199,"_Line(m=85112.20641417032, b=-0.0)"
6437,"_Line(m=87429.91552863759, b=-27216.065920867935)"
6644,"_Line(m=85611.15187214642, b=-35680.29170450755)"
6927,"_Line(m=85863.29818354854, b=-62257.80036086484)"
7095,"_Line(m=84906.96379060863, b=-27883.783539935637)"
7667,"_Line(m=84909.27967973123, b=-27884.874214890635)"
7380,"_Line(m=84933.09794098641, b=-105225.50768433737)"
7480,"_Line(m=90005.11609328043, b=-299893.07595158846)"
6797,"_Line(m=84855.05941723542, b=-86717.89139155154)"
6588,"_Line(m=84697.29436171101, b=-49302.33082338157)"
7460,"_Line(m=84832.1892718463, b=-81294.00771107161)"
7147,"_Line(m=84808.32145733312, b=-75633.51682112119)"
7630,"_Line(m=86490.29525083171, b=-474530.4216872488)"
7594,"_Line(m=85287.72945099253, b=-189329.9165973889)"
7530,"_Line(m=86927.48590445147, b=-578214.5570997116)"
7468,"_Line(m=85184.97726285023, b=-164961.20765755622)"
7631,"_Line(m=85158.61867884712, b=-158710.00587538484)"
7388,"_Line(m=86125.80879978098, b=-388088.81495605846)"
7500,"_Line(m=85393.3458496316, b=-214377.90169863024)"
7049,"_Line(m=88240.79640060509, b=-889679.2743675038)"
7553,"_Line(m=85433.84165018244, b=-223981.8857572651)"
6718,"_Line(m=84942.36860927482, b=-107424.1393756209)"
7400,"_Line(m=84942.36612147762, b=-107423.54936963296)"
7540,"_Line(m=85161.4128174507, b=-0.0)"
7520,"_Line(m=84563.59282488111, b=-17593.67434880502)"
7463,"_Line(m=85513.7173315377, b=-0.0)"
7328,"_Line(m=84787.03501887801, b=-0.0)"
7462,"_Line(m=85315.83615395498, b=-0.0)"
7062,"_Line(m=84643.79982781879, b=-36615.567165502434)"
7467,"_Line(m=84704.88509362336, b=-0.0)"
7404,"_Line(m=85489.00494314861, b=-237064.4123171262)"
6993,"_Line(m=84574.20437453022, b=-20110.309463586083)"
6779,"_Line(m=84694.25848538901, b=-48582.34239485856)"
7063,"_Line(m=84968.84448192836, b=-113703.15733412997)"
7222,"_Line(m=84574.20439059424, b=-20110.31327333098)"
6569,"_Line(m=84588.98512013047, b=-23615.711090142915)"
6935,"_Line(m=84519.2676233395, b=-7081.5095511948875)"
7587,"_Line(m=84730.38454643858, b=-57149.99903337727)"
